TS,Mobile Phone Charger Energy,Total Energy
2017-09-13 07:00:00,2.1368597322732403e-05,0.04208638961159047
2017-09-13 08:00:00,2.1368597322732403e-05,0.042437838074375456
2017-09-13 09:00:00,2.218475902603121e-05,0.042794281776546934
2017-09-13 10:00:00,2.2555741618439758e-05,0.043140303670851324
2017-09-13 11:00:00,2.2555741618439758e-05,0.04353135988401337
2017-09-13 12:00:00,2.2555741618439758e-05,0.043882722938361526
2017-09-13 13:00:00,2.2555741618439758e-05,0.044508740399341495
2017-09-13 14:00:00,2.2555741618439758e-05,0.04572841508684967
2017-09-13 15:00:00,2.2555741618439758e-05,0.04633191769673694
2017-09-13 16:00:00,2.2555741618439758e-05,0.04667869045980836
2017-09-13 17:00:00,2.2562996389135748e-05,0.04702278291486992
2017-09-13 18:00:00,2.3742885914147113e-05,0.04737445264816114
2017-09-13 19:00:00,2.3742885914147113e-05,0.04771644748520464
2017-09-13 20:00:00,2.3742885914147113e-05,0.048144230315490526
2017-09-13 21:00:00,2.3742885914147113e-05,0.048500873853618454
2017-09-13 22:00:00,2.4944209988942085e-05,0.04898046530978053
2017-09-13 23:00:00,2.730431880126918e-05,0.04961885182503486
2017-09-14 00:00:00,2.730431880126918e-05,0.05086940479519898
2017-09-14 01:00:00,2.730431880126918e-05,0.05171159298836966
2017-09-14 02:00:00,2.9714881246163838e-05,0.05333261741937057
2017-09-14 03:00:00,3.086575168839125e-05,0.05548669107369387
2017-09-14 04:00:00,3.190714104557009e-05,0.05741457218963457
2017-09-14 05:00:00,3.214918657697264e-05,0.05809202036888993
2017-09-14 06:00:00,3.324004027980596e-05,0.05844906654679148
2017-09-14 07:00:00,3.324004027980596e-05,0.05880385253385893
2017-09-14 08:00:00,3.324004027980596e-05,0.05916199088451254
2017-09-14 09:00:00,3.324004027980596e-05,0.05950643255785441
2017-09-14 10:00:00,3.324004027980596e-05,0.05986697190784609
2017-09-14 11:00:00,3.324004027980596e-05,0.060216071473737094
2017-09-14 12:00:00,3.4271536767853904e-05,0.060562229559873185
2017-09-14 13:00:00,3.4427184575513315e-05,0.06108612754948719
2017-09-14 14:00:00,3.4427184575513315e-05,0.06175634272235865
2017-09-14 15:00:00,3.4427184575513315e-05,0.062457070471490524
2017-09-14 16:00:00,3.4427184575513315e-05,0.062989181521057
2017-09-14 17:00:00,3.4427184575513315e-05,0.06335386730226374
2017-09-14 18:00:00,3.530336301820622e-05,0.06373013268678818
2017-09-14 19:00:00,3.6801473166928025e-05,0.06420338479241118
2017-09-14 20:00:00,3.6801473166928025e-05,0.06487316072189322
2017-09-14 21:00:00,3.6801473166928025e-05,0.06527375267161054
2017-09-14 22:00:00,3.6801473166928025e-05,0.06579027552728746
2017-09-14 23:00:00,3.703065796846042e-05,0.06615500120973303
2017-09-15 00:00:00,4.074081365485027e-05,0.06687063025787446
2017-09-15 01:00:00,4.155005034975745e-05,0.06750263785111318
2017-09-15 02:00:00,4.155005034975745e-05,0.0682524266466013
2017-09-15 03:00:00,4.192960676207944e-05,0.06932516815486747
2017-09-15 04:00:00,4.2737194645464806e-05,0.07024062656420689
2017-09-15 05:00:00,4.2737194645464806e-05,0.07118038911490249
2017-09-15 06:00:00,4.386531148869116e-05,0.0715864303866994
2017-09-15 07:00:00,4.392433894117216e-05,0.07193885131851996
2017-09-15 08:00:00,4.392433894117216e-05,0.07229013951682503
2017-09-15 09:00:00,4.392433894117216e-05,0.0726389723050118
2017-09-15 10:00:00,4.392433894117216e-05,0.07298520953410094
2017-09-15 11:00:00,4.392433894117216e-05,0.07333768982313629
2017-09-15 12:00:00,4.451329441676475e-05,0.0736796701506384
2017-09-15 13:00:00,4.5111483236879516e-05,0.0742914425395945
2017-09-15 14:00:00,4.5111483236879516e-05,0.07521905104103817
2017-09-15 15:00:00,4.5111483236879516e-05,0.07587870854397313
2017-09-15 16:00:00,4.5111483236879516e-05,0.07649002190380155
2017-09-15 17:00:00,4.5111483236879516e-05,0.07713563087304605
2017-09-15 18:00:00,4.5111483236879516e-05,0.0777993467606608
2017-09-15 19:00:00,4.5111483236879516e-05,0.07843263877807502
2017-09-15 20:00:00,4.5111483236879516e-05,0.07904769296148413
2017-09-15 21:00:00,4.5111483236879516e-05,0.0795664710615606
2017-09-15 22:00:00,4.7034656995925434e-05,0.07996362128210728
2017-09-15 23:00:00,4.867291612400158e-05,0.08042228734148368
2017-09-16 00:00:00,4.867291612400158e-05,0.08088438688597312
2017-09-16 01:00:00,4.867291612400158e-05,0.08150535139916333
2017-09-16 02:00:00,4.95596469604341e-05,0.08216598433899461
2017-09-16 03:00:00,4.9860060419708936e-05,0.08287748575237233
2017-09-16 04:00:00,4.9860060419708936e-05,0.08413852252571677
2017-09-16 05:00:00,4.9860060419708936e-05,0.08506229852965914
2017-09-16 06:00:00,4.9860060419708936e-05,0.08547820299197957
2017-09-16 07:00:00,4.9860060419708936e-05,0.08583172203227366
2017-09-16 08:00:00,4.9860060419708936e-05,0.086193839624654
2017-09-16 09:00:00,4.9860060419708936e-05,0.08653816093475479
2017-09-16 10:00:00,4.9860060419708936e-05,0.08688730666736841
2017-09-16 11:00:00,4.9860060419708936e-05,0.0872379462232208
2017-09-16 12:00:00,4.9860060419708936e-05,0.08758109555809188
2017-09-16 13:00:00,2.130132581264232e-05,0.03753007275578698
2017-09-16 14:00:00,0.0,0.0
2017-09-16 15:00:00,0.0,0.0
2017-09-16 16:00:00,0.0,0.0
2017-09-16 17:00:00,0.0,0.0
2017-09-16 18:00:00,0.0,0.0
2017-09-16 19:00:00,0.0,0.0
2017-09-16 20:00:00,0.0,0.0
2017-09-16 21:00:00,0.0,0.0
2017-09-16 22:00:00,0.0,0.0
2017-09-16 23:00:00,0.0,0.0
2017-09-17 00:00:00,0.0,0.0
2017-09-17 01:00:00,0.0,0.0
2017-09-17 02:00:00,0.0,0.0
2017-09-17 03:00:00,0.0,0.0
2017-09-17 04:00:00,0.0,0.0
2017-09-17 05:00:00,0.0,0.0
2017-09-17 06:00:00,0.0,0.0
2017-09-17 07:00:00,6.054435908107514e-05,0.0986260882279705
2017-09-17 08:00:00,6.054435908107514e-05,0.09897714856052325
2017-09-17 09:00:00,6.054435908107514e-05,0.09933003775481601
2017-09-17 10:00:00,6.054435908107514e-05,0.09967898299194858
2017-09-17 11:00:00,6.054435908107514e-05,0.10003384845173137
2017-09-17 12:00:00,6.064130919855791e-05,0.10038380144246607
2017-09-17 13:00:00,6.17315033767825e-05,0.10072936002073284
2017-09-17 14:00:00,6.17315033767825e-05,0.10113954574517099
2017-09-17 15:00:00,6.17315033767825e-05,0.10165137575349452
2017-09-17 16:00:00,6.387924526509972e-05,0.10208165752252286
2017-09-17 17:00:00,6.576383683453514e-05,0.1026594459274405
2017-09-17 18:00:00,6.648008055961192e-05,0.10339250225384293
2017-09-17 19:00:00,6.648008055961192e-05,0.10471803855534698
2017-09-17 20:00:00,6.648008055961192e-05,0.10855074677476804
2017-09-17 21:00:00,6.700901929581041e-05,0.11059167667412821
2017-09-17 22:00:00,7.122338154557152e-05,0.11124239366146729
2017-09-17 23:00:00,7.24158020381487e-05,0.1118008022655198
2017-09-18 00:00:00,7.24158020381487e-05,0.11233402791167503
2017-09-18 01:00:00,7.24158020381487e-05,0.11335778982487414
2017-09-18 02:00:00,7.24158020381487e-05,0.11455866938008283
2017-09-18 03:00:00,7.521350542836569e-05,0.11547513785136052
2017-09-18 04:00:00,7.716437922097811e-05,0.11672098808130213
2017-09-18 05:00:00,7.794294802157953e-05,0.11755861104513118
2017-09-18 06:00:00,7.835152351668547e-05,0.11795821337817311
2017-09-18 07:00:00,7.835152351668547e-05,0.11831506895346275
2017-09-18 08:00:00,7.835152351668547e-05,0.1186665147781493
2017-09-18 09:00:00,7.835152351668547e-05,0.1190125228224369
2017-09-18 10:00:00,4.829764662163631e-05,0.07250394750210497
2017-09-18 11:00:00,7.953866781239282e-05,0.11972683117254937
2017-09-18 12:00:00,7.953866781239282e-05,0.12007808804343552
2017-09-18 13:00:00,7.965375485661557e-05,0.12047661831922596
2017-09-18 14:00:00,8.072581210810018e-05,0.12171189538040277
2017-09-18 15:00:00,8.072581210810018e-05,0.1234193831578454
2017-09-18 16:00:00,8.072581210810018e-05,0.12489257613708722
2017-09-18 17:00:00,8.072581210810018e-05,0.12646503482471305
2017-09-18 18:00:00,8.171180139814602e-05,0.12721422246352032
2017-09-18 19:00:00,8.428724499522226e-05,0.12815385179024494
2017-09-18 20:00:00,8.54001927724479e-05,0.1292418965777697
2017-09-18 21:00:00,8.547438929092961e-05,0.13025792061849692
2017-09-18 22:00:00,8.547438929092961e-05,0.13092117384959867
2017-09-18 23:00:00,8.547438929092961e-05,0.13152101214075984
2017-09-19 00:00:00,8.560530492576178e-05,0.132111023515251
2017-09-19 01:00:00,8.666153358663697e-05,0.13270617324596876
2017-09-19 02:00:00,8.666153358663697e-05,0.13329090413668016
2017-09-19 03:00:00,8.666153358663697e-05,0.13420291521088978
2017-09-19 04:00:00,8.68214683042531e-05,0.13525247179106079
2017-09-19 05:00:00,8.852139298324515e-05,0.13595128032358125
2017-09-19 06:00:00,8.903582217805168e-05,0.1363363790509527
2017-09-19 07:00:00,8.903582217805168e-05,0.1366882529071103
2017-09-19 08:00:00,8.909847701588067e-05,0.1370500341419402
2017-09-19 09:00:00,9.022296647375903e-05,0.1374154200085191
2017-09-19 10:00:00,9.022296647375903e-05,0.13775205258073137
2017-09-19 11:00:00,9.022296647375903e-05,0.13809225087274068
2017-09-19 12:00:00,9.022296647375903e-05,0.1384267643923851
2017-09-19 13:00:00,9.022296647375903e-05,0.13903728434410922
2017-09-19 14:00:00,9.022296647375903e-05,0.14034592560371154
2017-09-19 15:00:00,9.054382519590438e-05,0.1410709126465262
2017-09-19 16:00:00,9.141011076946639e-05,0.14182698506272395
2017-09-19 17:00:00,9.141011076946639e-05,0.14253484688954843
2017-09-19 18:00:00,9.141011076946639e-05,0.14329328436099306
2017-09-19 19:00:00,9.141011076946639e-05,0.14372825699880099
2017-09-19 20:00:00,9.141011076946639e-05,0.14406395667345417
2017-09-19 21:00:00,9.141011076946639e-05,0.14463541957784953
2017-09-19 22:00:00,9.141011076946639e-05,0.14518258592542171
2017-09-19 23:00:00,9.143978937685907e-05,0.14572847114644144
2017-09-20 00:00:00,9.560600633018316e-05,0.14636507298810453
2017-09-20 01:00:00,9.853297654371052e-05,0.1473362526530614
2017-09-20 02:00:00,9.907939268204026e-05,0.14845584250262156
2017-09-20 03:00:00,9.972012083941787e-05,0.14994768354017513
2017-09-20 04:00:00,9.972012083941787e-05,0.153585967532329
2017-09-20 05:00:00,0.00010049704082849747,0.15786016976888909
2017-09-20 06:00:00,0.00010090726513512523,0.15992195713400023
2017-09-20 07:00:00,0.00010090726513512523,0.16026661381236454
2017-09-20 08:00:00,0.00010090726513512523,0.16060724805014026
2017-09-20 09:00:00,0.00010104114863069667,0.16097387843965583
2017-09-20 10:00:00,0.00010209440943083258,0.1613170973543731
2017-09-20 11:00:00,0.00010209440943083258,0.1616561972081466
2017-09-20 12:00:00,0.00010209440943083258,0.16199551734313944
2017-09-20 13:00:00,0.00010209440943083258,0.16278914671794342
2017-09-20 14:00:00,0.00010209440943083258,0.16387738606522773
2017-09-20 15:00:00,0.00010209440943083258,0.1644727643212224
2017-09-20 16:00:00,0.00010209440943083258,0.16484250634784195
2017-09-20 17:00:00,0.00010209440943083258,0.16519051802789086
2017-09-20 18:00:00,0.00010209440943083258,0.16552278553648025
2017-09-20 19:00:00,0.00010209440943083258,0.16587057495673604
2017-09-20 20:00:00,0.00010209440943083258,0.16621773980718735
2017-09-20 21:00:00,0.00010209440943083258,0.16656188733255373
2017-09-20 22:00:00,0.00010209440943083258,0.16698762431750336
2017-09-20 23:00:00,0.00010209440943083258,0.16732547931857789
2017-09-21 00:00:00,0.00010291353899487066,0.16768257759892352
2017-09-21 01:00:00,0.00010863095782791904,0.16830084465646405
2017-09-21 02:00:00,0.0001107711151832359,0.16907105167431372
2017-09-21 03:00:00,0.00011159156379649144,0.1701507633684072
2017-09-21 04:00:00,0.00011159156379649144,0.17146007470501198
2017-09-21 05:00:00,0.00011199255475859703,0.17203891768977897
2017-09-21 06:00:00,0.00011277870809219879,0.17240414230259105
2017-09-21 07:00:00,0.00011277870809219879,0.17275493453839033
2017-09-21 08:00:00,0.00011277870809219879,0.17309250264626008
2017-09-21 09:00:00,0.00011277870809219879,0.17343107916725656
2017-09-21 10:00:00,0.00011277870809219879,0.17377523691525437
2017-09-21 11:00:00,0.00011277870809219879,0.17410322246032162
2017-09-21 12:00:00,0.00011277870809219879,0.17444631375702713
2017-09-21 13:00:00,0.00011335546236252995,0.17500063561684168
2017-09-21 14:00:00,0.00011396585238790615,0.17596501525332028
2017-09-21 15:00:00,0.00011396585238790615,0.17667058787022788
2017-09-21 16:00:00,0.00011396585238790615,0.17729155864890186
2017-09-21 17:00:00,0.00011396585238790615,0.1778769645630503
2017-09-21 18:00:00,0.00011396585238790615,0.17835034890335735
2017-09-21 19:00:00,0.00011396585238790615,0.17884865799767738
2017-09-21 20:00:00,0.00011396585238790615,0.17934337894836364
2017-09-21 21:00:00,0.00011396585238790615,0.18005675967711393
2017-09-21 22:00:00,0.00011396585238790615,0.18066659768039262
2017-09-21 23:00:00,0.00011396585238790615,0.18117762900441498
2017-09-22 00:00:00,0.00011396585238790615,0.18194390393654744
2017-09-22 01:00:00,0.00011396585238790615,0.1827317278459831
2017-09-22 02:00:00,0.00011396585238790615,0.18353936717228794
2017-09-22 03:00:00,0.0001147045199496796,0.18455818495925774
2017-09-22 04:00:00,0.0001173841684349346,0.18609042154933347
2017-09-22 05:00:00,0.00011753223170959366,0.18686112716778736
2017-09-22 06:00:00,0.00011871442957073557,0.18749960271886384
2017-09-22 07:00:00,0.00011871442957073557,0.1881471971869429
2017-09-22 08:00:00,0.00011871442957073557,0.18878017856826643
2017-09-22 09:00:00,0.00011871442957073557,0.18940441696161434
2017-09-22 10:00:00,0.00011871442957073557,0.19003202552571286
2017-09-22 11:00:00,0.00011871442957073557,0.1906579361437062
2017-09-22 12:00:00,0.00011871442957073557,0.1912793286883675
2017-09-22 13:00:00,0.00011966447476960582,0.19215693500183828
2017-09-22 14:00:00,0.00011990157386644292,0.1931864018029029
2017-09-22 15:00:00,0.00011990157386644292,0.19388776137660993
2017-09-22 16:00:00,0.00011990157386644292,0.1944244538138709
2017-09-22 17:00:00,0.00011990157386644292,0.19484080510411375
2017-09-22 18:00:00,0.00011990157386644292,0.19522067314181335
2017-09-22 19:00:00,0.00011990157386644292,0.19578403147805437
2017-09-22 20:00:00,9.519149511359868e-05,0.15438486255160905
2017-09-22 21:00:00,0.000123463006753565,0.1965833716764453
2017-09-22 22:00:00,0.000123463006753565,0.19706301325647765
2017-09-22 23:00:00,0.000123463006753565,0.19755108685863254
2017-09-23 00:00:00,0.000123463006753565,0.1980872777274286
2017-09-23 01:00:00,0.000123463006753565,0.1992033348334221
2017-09-23 02:00:00,0.000123463006753565,0.2009955603111677
2017-09-23 03:00:00,0.000123463006753565,0.20310321959138958
2017-09-23 04:00:00,0.000123463006753565,0.20420306327416443
2017-09-23 05:00:00,0.000123463006753565,0.2046647262133629
2017-09-23 06:00:00,0.000123463006753565,0.20501938359313165
2017-09-23 07:00:00,0.000123463006753565,0.20537100221326568
2017-09-23 08:00:00,0.000123463006753565,0.2057118933358765
2017-09-23 09:00:00,0.000123463006753565,0.2060617022204842
2017-09-23 10:00:00,0.000123463006753565,0.20640344314055334
2017-09-23 11:00:00,0.000123463006753565,0.20679854586695223
2017-09-23 12:00:00,0.000123463006753565,0.20713819840234785
2017-09-23 13:00:00,0.000123463006753565,0.20751199155887648
2017-09-23 14:00:00,0.000123463006753565,0.20788453194841083
2017-09-23 15:00:00,0.000123463006753565,0.2082649797082415
2017-09-23 16:00:00,0.000123463006753565,0.2087213694184309
2017-09-23 17:00:00,0.000123463006753565,0.20930557235969302
2017-09-23 18:00:00,0.000123463006753565,0.20965459179334406
2017-09-23 19:00:00,0.000123463006753565,0.2099955768982116
2017-09-23 20:00:00,0.000123463006753565,0.2103451889147236
2017-09-23 21:00:00,0.000123463006753565,0.2106824140697968
2017-09-23 22:00:00,0.000123463006753565,0.21110134476078435
2017-09-23 23:00:00,0.000123463006753565,0.21187412293532115
2017-09-24 00:00:00,0.000123463006753565,0.21322210978426853
2017-09-24 01:00:00,0.000123463006753565,0.2176390051163611
2017-09-24 02:00:00,0.000123463006753565,0.22192270450728685
2017-09-24 03:00:00,0.000123463006753565,0.22377965408132133
2017-09-24 04:00:00,0.000123463006753565,0.22511465950739518
2017-09-24 05:00:00,0.000123463006753565,0.22770848108745587
2017-09-24 06:00:00,0.000123463006753565,0.22850589943113697
2017-09-24 07:00:00,0.000123463006753565,0.22885843248214102
2017-09-24 08:00:00,0.000123463006753565,0.2292117398150357
2017-09-24 09:00:00,0.000123463006753565,0.2295565389507155
2017-09-24 10:00:00,0.000123463006753565,0.22989597417275254
2017-09-24 11:00:00,0.000123463006753565,0.23024510308748863
2017-09-24 12:00:00,0.00012360183668370188,0.2305791823101782
2017-09-24 13:00:00,0.00012465015104927234,0.23093686921623716
2017-09-24 14:00:00,0.00012465015104927234,0.23133975664135514
2017-09-24 15:00:00,0.00012465015104927234,0.2317915722186207
2017-09-24 16:00:00,0.00012465015104927234,0.23227265057301316
2017-09-24 17:00:00,0.00012465015104927234,0.23297805764924395
2017-09-24 18:00:00,0.00012465015104927234,0.2336976022949874
2017-09-24 19:00:00,0.00012465015104927234,0.23526375098091923
2017-09-24 20:00:00,0.00012465015104927234,0.23970326470946807
2017-09-24 21:00:00,0.00012465015104927234,0.24408754720918374
2017-09-24 22:00:00,0.00012465015104927234,0.24589706476264553
2017-09-24 23:00:00,0.00012465015104927234,0.24631863882826488
2017-09-25 00:00:00,0.00012465015104927234,0.246708961650062
2017-09-25 01:00:00,0.0001259939324395522,0.2472173799375846
2017-09-25 02:00:00,0.0001324460616867217,0.24832425745031153
2017-09-25 03:00:00,0.00013533444971063855,0.24943195936879936
2017-09-25 04:00:00,0.0001356473941374792,0.2501689464618698
2017-09-25 05:00:00,0.0001365215940063459,0.2506315113009707
2017-09-25 06:00:00,0.0001365215940063459,0.2509799714577535
2017-09-25 07:00:00,0.0001365215940063459,0.25133371176855385
2017-09-25 08:00:00,0.0001365215940063459,0.251689153982607
2017-09-25 09:00:00,0.0001365215940063459,0.2520308550014373
2017-09-25 10:00:00,0.00013726586752729354,0.25239101380572976
2017-09-25 11:00:00,0.00013770873830205326,0.25273002396415645
2017-09-25 12:00:00,0.00013770873830205326,0.25308496658831847
2017-09-25 13:00:00,0.00013770873830205326,0.2535655051218187
2017-09-25 14:00:00,0.00013770873830205326,0.25451094255201007
2017-09-25 15:00:00,0.00013770873830205326,0.2551769941460266
2017-09-25 16:00:00,0.00013770873830205326,0.2558015207516286
2017-09-25 17:00:00,0.00013770873830205326,0.2566246625336238
2017-09-25 18:00:00,0.00013770873830205326,0.25783899210394057
2017-09-25 19:00:00,0.00013770873830205326,0.25854724140147267
2017-09-25 20:00:00,0.00013770873830205326,0.25917553916878733
2017-09-25 21:00:00,0.00013770873830205326,0.2598097268206202
2017-09-25 22:00:00,0.00013770873830205326,0.2605207945965677
2017-09-25 23:00:00,0.00013818524483185803,0.26112680735711574
2017-09-26 00:00:00,0.0001388958825977606,0.2621067455088765
2017-09-26 01:00:00,0.0001388958825977606,0.26327616145333904
2017-09-26 02:00:00,0.0001388958825977606,0.2642829234602236
2017-09-26 03:00:00,0.0001388958825977606,0.2653808436394771
2017-09-26 04:00:00,0.0001388958825977606,0.2666943419680604
2017-09-26 05:00:00,0.0001388958825977606,0.2709350274937673
2017-09-26 06:00:00,0.0001388958825977606,0.2743991122403052
2017-09-26 07:00:00,0.0001388958825977606,0.27523026394867345
2017-09-26 08:00:00,0.0001388958825977606,0.2755872359300565
2017-09-26 09:00:00,0.0001388958825977606,0.27602557873861505
2017-09-26 10:00:00,0.0001388958825977606,0.2765207679517735
2017-09-26 11:00:00,0.0001388958825977606,0.276882872683424
2017-09-26 12:00:00,0.0001388958825977606,0.27725313243686134
2017-09-26 13:00:00,0.0001388958825977606,0.27780367093375796
2017-09-26 14:00:00,0.0001388958825977606,0.2785027792202131
2017-09-26 15:00:00,0.0001388958825977606,0.27908192888392314
2017-09-26 16:00:00,0.0001388958825977606,0.27958112108169425
2017-09-26 17:00:00,0.0001388958825977606,0.2799276801587925
2017-09-26 18:00:00,0.0001388958825977606,0.2804080620551981
2017-09-26 19:00:00,0.0001388958825977606,0.28106018284066686
2017-09-26 20:00:00,0.0001388958825977606,0.281747915976433
2017-09-26 21:00:00,0.00014006258163059746,0.28235792776444607
2017-09-26 22:00:00,0.00014008302689346797,0.2827234056347079
2017-09-26 23:00:00,0.00014114024484125623,0.28347263746166396
2017-09-27 00:00:00,0.0001456299586151606,0.28468898814514415
2017-09-27 01:00:00,0.0001472058926677121,0.28588368201904757
2017-09-27 02:00:00,0.0001472058926677121,0.28702268398617864
2017-09-27 03:00:00,0.0001472058926677121,0.2882511844320008
2017-09-27 04:00:00,0.00014820804031067173,0.2897590835747276
2017-09-27 05:00:00,0.00014839303696341947,0.29100600289406
2017-09-27 06:00:00,0.00014348782268601754,0.2827984707470993
2017-09-27 07:00:00,0.00014924877014324184,0.2930895779843827
2017-09-27 08:00:00,0.0001495801812591268,0.2934431464890224
2017-09-27 09:00:00,0.0001495801812591268,0.29380273480452834
2017-09-27 10:00:00,0.0001495801812591268,0.2941492592565846
2017-09-27 11:00:00,0.0001495801812591268,0.29450215438659877
2017-09-27 12:00:00,0.000150514727629692,0.29485996561304645
2017-09-27 13:00:00,0.00015076732555483418,0.2956452473848778
2017-09-27 14:00:00,0.00015076732555483418,0.2967764148591818
2017-09-27 15:00:00,0.00015076732555483418,0.2975067407537041
2017-09-27 16:00:00,0.00015076732555483418,0.2980004470257798
2017-09-27 17:00:00,0.00015076732555483418,0.2984987353450747
2017-09-27 18:00:00,0.00015076732555483418,0.2989890453951778
2017-09-27 19:00:00,0.00015076732555483418,0.2994919421426761
2017-09-27 20:00:00,0.00015076732555483418,0.30006264923186987
2017-09-27 21:00:00,0.00015076732555483418,0.3005949360447446
2017-09-27 22:00:00,0.00015076732555483418,0.3012200268736493
2017-09-27 23:00:00,0.00015076732555483418,0.3017918973642528
2017-09-28 00:00:00,0.00015076732555483418,0.3025139894237975
2017-09-28 01:00:00,0.00015126229877368327,0.3032606662524193
2017-09-28 02:00:00,0.00015195446985054152,0.30413699836434605
2017-09-28 03:00:00,0.00015195446985054152,0.3051924240540101
2017-09-28 04:00:00,0.00015195446985054152,0.3064541698163089
2017-09-28 05:00:00,0.00015195446985054152,0.30704381614392917
2017-09-28 06:00:00,0.00015195446985054152,0.3074074133797692
2017-09-28 07:00:00,0.00015195446985054152,0.3077709634595997
2017-09-28 08:00:00,0.00015195446985054152,0.3081263281795113
2017-09-28 09:00:00,0.00015195446985054152,0.30847972388870354
2017-09-28 10:00:00,0.00015195446985054152,0.30883986158820853
2017-09-28 11:00:00,0.00015195446985054152,0.30918996165293094
2017-09-28 12:00:00,0.00015195446985054152,0.30955251123393
2017-09-28 13:00:00,0.00015195446985054152,0.31026469096836784
2017-09-28 14:00:00,0.00015195446985054152,0.31134288674514815
2017-09-28 15:00:00,0.00015195446985054152,0.3121284979495216
2017-09-28 16:00:00,0.00015195446985054152,0.31279909333832995
2017-09-28 17:00:00,0.00015195446985054152,0.31349168486212625
2017-09-28 18:00:00,0.0001527244648312295,0.3141811347404489
2017-09-28 19:00:00,0.0001531416141462489,0.31490010988669276
2017-09-28 20:00:00,0.0001531416141462489,0.315595183531354
2017-09-28 21:00:00,0.0001531416141462489,0.3162287644205468
2017-09-28 22:00:00,0.0001531416141462489,0.31675030362039774
2017-09-28 23:00:00,0.0001531416141462489,0.31710959910697734
2017-09-29 00:00:00,0.00015568704937362807,0.3175771285175704
2017-09-29 01:00:00,0.00015907733562478565,0.31816643683882867
2017-09-29 02:00:00,0.00015907733562478565,0.31873842967124716
2017-09-29 03:00:00,0.00015907733562478565,0.3200533924742241
2017-09-29 04:00:00,0.00015907733562478565,0.3211419869755102
2017-09-29 05:00:00,0.00015907733562478565,0.32165097410300786
2017-09-29 06:00:00,0.00015907733562478565,0.3220282535066182
2017-09-29 07:00:00,0.00015907733562478565,0.3223881435546326
2017-09-29 08:00:00,0.00015907733562478565,0.32274968802012793
2017-09-29 09:00:00,0.0001598305127279511,0.32310560113475173
2017-09-29 10:00:00,0.00016026447992049302,0.32346934148743184
2017-09-29 11:00:00,0.00016026447992049302,0.32382626565328076
2017-09-29 12:00:00,0.00016058039220807291,0.3242055447355048
2017-09-29 13:00:00,0.00016263876851190773,0.3248203539055218
2017-09-29 14:00:00,0.0001636056315883005,0.3257424715348355
2017-09-29 15:00:00,0.00016382591280761507,0.32656162385247256
2017-09-29 16:00:00,0.00016382591280761507,0.3271933791775485
2017-09-29 17:00:00,0.00016382591280761507,0.3277947488848511
2017-09-29 18:00:00,0.00016382591280761507,0.3284008355121554
2017-09-29 19:00:00,0.00016382591280761507,0.3290421114047205
2017-09-29 20:00:00,0.00016382591280761507,0.32965878307223256
2017-09-29 21:00:00,0.00016382591280761507,0.3302809759500065
2017-09-29 22:00:00,0.00016403102496092897,0.33090975154290014
2017-09-29 23:00:00,0.00016847622082374428,0.3316119355223681
2017-09-30 00:00:00,0.00017066716157393308,0.33242946639875465
2017-09-30 01:00:00,0.00017094877858185923,0.33338756604190894
2017-09-30 02:00:00,0.00017137351242987897,0.3350506915560702
2017-09-30 03:00:00,0.00017213592287756657,0.33630401815697636
2017-09-30 04:00:00,0.00017213592287756657,0.33747612694041623
2017-09-30 05:00:00,0.00017213592287756657,0.33826355447556206
2017-09-30 06:00:00,0.00017213592287756657,0.3386570196023575
2017-09-30 07:00:00,0.00017259231390680518,0.3390125548093805
2017-09-30 08:00:00,0.00017332306717327394,0.3393756323398288
2017-09-30 09:00:00,0.00017332306717327394,0.33971624019662017
2017-09-30 10:00:00,0.00017332306717327394,0.3400698548679825
2017-09-30 11:00:00,0.00017332306717327394,0.34042539106429237
2017-09-30 12:00:00,0.00017332306717327394,0.3407742489144143
2017-09-30 13:00:00,0.00017332306717327394,0.341142581536945
2017-09-30 14:00:00,0.00017332306717327394,0.34149879902217567
2017-09-30 15:00:00,0.00017332306717327394,0.3418511843396674
2017-09-30 16:00:00,0.00017379825465386122,0.34241507820989064
2017-09-30 17:00:00,0.00017825697077115545,0.34325881859422797
2017-09-30 18:00:00,0.0001792587886518107,0.3439129562059502
2017-09-30 19:00:00,0.0001792587886518107,0.3442981113226757
2017-09-30 20:00:00,0.0001792587886518107,0.3446897884782568
2017-09-30 21:00:00,0.00017935936615464147,0.3450489817385221
2017-09-30 22:00:00,0.00018293761691928604,0.34559516341585345
2017-09-30 23:00:00,0.00018881035379768947,0.3464890253621178
2017-10-01 00:00:00,0.00019113023160888427,0.3470581116695856
2017-10-01 01:00:00,0.00019113023160888427,0.34741757203731743
2017-10-01 02:00:00,0.00019195265879596598,0.34784949833095763
2017-10-01 03:00:00,0.00019620263537459832,0.3486492629334343
2017-10-01 04:00:00,0.00019706595308742104,0.34953926567145066
2017-10-01 05:00:00,0.0001974521047458303,0.3506310746956797
2017-10-01 06:00:00,0.0001982530973831284,0.3510678709190308
2017-10-01 07:00:00,0.0001982530973831284,0.35142916080802716
2017-10-01 08:00:00,0.0001982530973831284,0.35178862018647206
2017-10-01 09:00:00,0.0001982530973831284,0.35214792061948624
2017-10-01 10:00:00,0.00019827189383447708,0.3525298414275305
2017-10-01 11:00:00,0.00019944024167883575,0.35287802128635465
2017-10-01 12:00:00,0.00019944024167883575,0.35322473930888354
2017-10-01 13:00:00,0.00019944024167883575,0.35356568385298764
2017-10-01 14:00:00,0.00020001007094077529,0.3541964607733065
2017-10-01 15:00:00,2.948107977237036e-05,0.05213085574999771
2017-10-01 16:00:00,0.00020062738597454311,0.35563750357668444
2017-10-01 17:00:00,0.00020062738597454311,0.35662879082791216
2017-10-01 18:00:00,0.00020062738597454311,0.35731966857701275
2017-10-01 19:00:00,0.00020062738597454311,0.35908847631447627
2017-10-01 20:00:00,0.00020062738597454311,0.3633643728697562
2017-10-01 21:00:00,0.00020062738597454311,0.3657153868377289
2017-10-01 22:00:00,0.0002014016678651878,0.3662464532003152
2017-10-01 23:00:00,0.00020181453027025046,0.3676276573359434
2017-10-02 00:00:00,0.00020181453027025046,0.3710232052744294
2017-10-02 01:00:00,0.00020181453027025046,0.3719634182804328
2017-10-02 02:00:00,0.00020181453027025046,0.374267210616183
2017-10-02 03:00:00,0.00020181453027025046,0.3761600198622432
2017-10-02 04:00:00,0.00020181453027025046,0.37743027019437153
2017-10-02 05:00:00,0.00020181453027025046,0.37784705446252
2017-10-02 06:00:00,0.00020181453027025046,0.3781975828884758
2017-10-02 07:00:00,0.00020181453027025046,0.37854766382698457
2017-10-02 08:00:00,0.00020181453027025046,0.3788958130179144
2017-10-02 09:00:00,0.00020274874687851129,0.37924967600029197
2017-10-02 10:00:00,0.00020300167456595782,0.3795972642655421
2017-10-02 11:00:00,0.00020300167456595782,0.37994026586690083
2017-10-02 12:00:00,0.00020300167456595782,0.3802864424197259
2017-10-02 13:00:00,0.00020300167456595782,0.3808826259552679
2017-10-02 14:00:00,0.00020300167456595782,0.3815878536408051
2017-10-02 15:00:00,0.00020300167456595782,0.3823185656869858
2017-10-02 16:00:00,0.00020300167456595782,0.3826823334099372
2017-10-02 17:00:00,0.00014559731214702862,0.2748278111502726
2017-10-02 18:00:00,0.0,0.0
2017-10-02 19:00:00,0.0,0.0
2017-10-02 20:00:00,0.0,0.0
2017-10-02 21:00:00,0.0,0.0
2017-10-02 22:00:00,0.0,0.0
2017-10-02 23:00:00,0.0,0.0
2017-10-03 00:00:00,0.0,0.0
2017-10-03 01:00:00,0.0,0.0
2017-10-03 02:00:00,0.0,0.0
2017-10-03 03:00:00,0.0,0.0
2017-10-03 04:00:00,0.0,0.0
2017-10-03 05:00:00,0.0,0.0
2017-10-03 06:00:00,0.0,0.0
2017-10-03 07:00:00,0.00021487311752303137,0.400766417389448
2017-10-03 08:00:00,0.00021604773085117293,0.4011250460966482
2017-10-03 09:00:00,0.00021606026181873874,0.40146877548341264
2017-10-03 10:00:00,0.00021606026181873874,0.4018223337654209
2017-10-03 11:00:00,0.00021606026181873874,0.4021731457869585
2017-10-03 12:00:00,0.00021607411183552198,0.4025804701638817
2017-10-03 13:00:00,0.00021724740611444608,0.40369516436227126
2017-10-03 14:00:00,0.00021724740611444608,0.4044505070144895
2017-10-03 15:00:00,0.00021724740611444608,0.4050996220165539
2017-10-03 16:00:00,0.00021724740611444608,0.40593022994688227
2017-10-03 17:00:00,0.00021724740611444608,0.406619845695644
2017-10-03 18:00:00,0.00021724740611444608,0.40734315358880485
2017-10-03 19:00:00,0.00021724740611444608,0.40806151405811336
2017-10-03 20:00:00,0.00021724740611444608,0.4087683025086371
2017-10-03 21:00:00,0.00021724740611444608,0.4094510575526566
2017-10-03 22:00:00,0.00021724740611444608,0.4103831732452763
2017-10-03 23:00:00,0.00021724740611444608,0.4110649169083083
2017-10-04 00:00:00,0.00021817997391118508,0.4116764195516994
2017-10-04 01:00:00,0.00022080883900156816,0.41222579695552236
2017-10-04 02:00:00,0.00022166523170599926,0.4137057747941765
2017-10-04 03:00:00,0.0002219959832972755,0.4158042544811318
2017-10-04 04:00:00,0.0002219959832972755,0.4195552443039086
2017-10-04 05:00:00,0.0002227801580570511,0.42008546317737266
2017-10-04 06:00:00,0.00022318312759298287,0.4204537826094112
2017-10-04 07:00:00,0.00022318312759298287,0.4208067324799679
2017-10-04 08:00:00,0.00022318312759298287,0.42116339151692417
2017-10-04 09:00:00,0.00022318312759298287,0.4215249824789044
2017-10-04 10:00:00,0.00022318312759298287,0.4219000086166891
2017-10-04 11:00:00,0.00022434883733890663,0.42224250799005825
2017-10-04 12:00:00,0.0002243702718886902,0.4225844428103624
2017-10-04 13:00:00,0.0002243702718886902,0.42329904596797496
2017-10-04 14:00:00,0.0002243702718886902,0.42411578310649484
2017-10-04 15:00:00,0.0002243702718886902,0.42489697549598976
2017-10-04 16:00:00,0.0002243702718886902,0.42538473681324246
2017-10-04 17:00:00,0.0002243702718886902,0.4258675236661338
2017-10-04 18:00:00,0.0002243702718886902,0.42635717155352976
2017-10-04 19:00:00,0.0002243702718886902,0.4268179573249986
2017-10-04 20:00:00,0.0002243702718886902,0.42721646550671466
2017-10-04 21:00:00,0.0002243702718886902,0.42756825692229616
2017-10-04 22:00:00,0.0002243702718886902,0.4280941588774338
2017-10-04 23:00:00,0.0002243702718886902,0.42858497412338714
2017-10-05 00:00:00,0.0002243702718886902,0.4290878583399179
2017-10-05 01:00:00,0.0002243702718886902,0.42962071564157917
2017-10-05 02:00:00,0.0002243702718886902,0.4301126444948344
2017-10-05 03:00:00,0.00022581463078180083,0.43083204734278696
2017-10-05 04:00:00,0.0002319699739550435,0.432162626039687
2017-10-05 05:00:00,0.00023386742625434905,0.4330199209737829
2017-10-05 06:00:00,0.00023386742625434905,0.43339725445841115
2017-10-05 07:00:00,0.0002349144215707021,0.433923928057341
2017-10-05 08:00:00,0.00023505457055005642,0.4343115751878005
2017-10-05 09:00:00,0.00023505457055005642,0.43466057945238556
2017-10-05 10:00:00,0.00023505457055005642,0.43500982938988736
2017-10-05 11:00:00,0.00023505457055005642,0.43535639967890394
2017-10-05 12:00:00,0.00023505457055005642,0.4356964311111872
2017-10-05 13:00:00,0.00023610156586640943,0.43651603850080434
2017-10-05 14:00:00,0.0002362417148457638,0.4374516542905226
2017-10-05 15:00:00,0.0002362417148457638,0.43818005371366275
2017-10-05 16:00:00,0.0002362417148457638,0.4387402994235129
2017-10-05 17:00:00,0.0002362417148457638,0.4393360651502152
2017-10-05 18:00:00,0.0002362417148457638,0.4398384435113711
2017-10-05 19:00:00,0.0002362417148457638,0.44021031250485376
2017-10-05 20:00:00,0.0002362417148457638,0.4406706524376871
2017-10-05 21:00:00,0.0002362417148457638,0.4413048430573807
2017-10-05 22:00:00,0.0002362417148457638,0.44198861409905993
2017-10-05 23:00:00,0.0002362417148457638,0.44277613297836405
2017-10-06 00:00:00,0.0002362417148457638,0.4441645585786955
2017-10-06 01:00:00,0.0002362417148457638,0.44480674164736
2017-10-06 02:00:00,0.0002362417148457638,0.4453193027387123
2017-10-06 03:00:00,0.00023776818455266082,0.4460672491522059
2017-10-06 04:00:00,0.00023980314773288584,0.44731759173401986
2017-10-06 05:00:00,0.00024089301214880608,0.4480773495737312
2017-10-06 06:00:00,0.0002409902920285932,0.44852450824773454
2017-10-06 07:00:00,0.0002409902920285932,0.4488910298156897
2017-10-06 08:00:00,0.0002409902920285932,0.4492438675670629
2017-10-06 09:00:00,0.0002409902920285932,0.4495808335289649
2017-10-06 10:00:00,0.00024189285145563515,0.4499297171005465
2017-10-06 11:00:00,0.00024217743632430055,0.4502707256185377
2017-10-06 12:00:00,0.00024217743632430055,0.45065411057121335
2017-10-06 13:00:00,0.00024217743632430055,0.4515720722062052
2017-10-06 14:00:00,1.0696170104323275e-05,0.01987863296245297
2017-10-06 15:00:00,0.00024217743632430055,0.45322806298314927
2017-10-06 16:00:00,0.00024217743632430055,0.45383821953681397
2017-10-06 17:00:00,0.00024217743632430055,0.45444121761037554
2017-10-06 18:00:00,0.00024217743632430055,0.45494685699095927
2017-10-06 19:00:00,0.00024217743632430055,0.4552742413793457
2017-10-06 20:00:00,0.00024217743632430055,0.45574487814013276
2017-10-06 21:00:00,0.00024217743632430055,0.4563315843070473
2017-10-06 22:00:00,0.00024217743632430055,0.45690316691515914
2017-10-06 23:00:00,0.0002427515524961968,0.45735359782050866
2017-10-07 00:00:00,0.00024790705636261034,0.45795493290276934
2017-10-07 01:00:00,0.00024982429440017774,0.45878592863356765
2017-10-07 02:00:00,0.00025048744639425205,0.4600699735824121
2017-10-07 03:00:00,0.00025048744639425205,0.4616271665836821
2017-10-07 04:00:00,0.00025048744639425205,0.46331840070690494
2017-10-07 05:00:00,0.00025072817287643715,0.46567524882956646
2017-10-07 06:00:00,0.0002516745906899594,0.4679231322749481
2017-10-07 07:00:00,0.0002516745906899594,0.4689877946067574
2017-10-07 08:00:00,0.0002516745906899594,0.46950860734025174
2017-10-07 09:00:00,0.0002516745906899594,0.47001519083031285
2017-10-07 10:00:00,0.0002516745906899594,0.4705279804469421
2017-10-07 11:00:00,0.0002516745906899594,0.4710323505724163
2017-10-07 12:00:00,0.0002516745906899594,0.471530120835131
2017-10-07 13:00:00,0.0002516745906899594,0.4721013133344368
2017-10-07 14:00:00,0.0002516745906899594,0.4730143816265942
2017-10-07 15:00:00,0.0002516745906899594,0.4740288389666134
2017-10-07 16:00:00,0.0002516745906899594,0.4750389210203783
2017-10-07 17:00:00,0.0002516745906899594,0.4759660286128817
2017-10-07 18:00:00,0.0002516745906899594,0.47648617621580813
2017-10-07 19:00:00,0.0002516745906899594,0.4768873854805592
2017-10-07 20:00:00,0.0002516745906899594,0.47726382432005576
2017-10-07 21:00:00,0.0002516745906899594,0.4776438671317767
2017-10-07 22:00:00,0.0002516745906899594,0.4780681366744719
2017-10-07 23:00:00,0.0002516745906899594,0.47854247237902703
2017-10-08 00:00:00,0.0002516745906899594,0.4789841543606795
2017-10-08 01:00:00,0.0002516745906899594,0.4793821082119619
2017-10-08 02:00:00,0.0002516745906899594,0.48034014289194227
2017-10-08 03:00:00,0.0002516745906899594,0.4815738110428361
2017-10-08 04:00:00,0.0002516745906899594,0.4828636621165735
2017-10-08 05:00:00,0.0002516745906899594,0.48416166392518784
2017-10-08 06:00:00,0.0002516745906899594,0.4846012235566494
2017-10-08 07:00:00,0.0002516745906899594,0.4849598057673647
2017-10-08 08:00:00,0.0002516745906899594,0.4853282013744955
2017-10-08 09:00:00,0.0002516745906899594,0.4856737461027455
2017-10-08 10:00:00,0.0002516745906899594,0.4860341156251504
2017-10-08 11:00:00,0.0002516745906899594,0.48638475023456823
2017-10-08 12:00:00,0.0002516745906899594,0.4867318484730341
2017-10-08 13:00:00,0.0002516745906899594,0.48713597349608034
2017-10-08 14:00:00,0.0002516745906899594,0.4881236610619936
2017-10-08 15:00:00,0.0002516745906899594,0.4892207090199521
2017-10-08 16:00:00,0.0002516745906899594,0.49002578675267666
2017-10-08 17:00:00,0.0002516745906899594,0.4908317235162041
2017-10-08 18:00:00,0.0002516745906899594,0.491529176066129
2017-10-08 19:00:00,0.0002516745906899594,0.4921093905323199
2017-10-08 20:00:00,0.0002516745906899594,0.4929750357074868
2017-10-08 21:00:00,0.0002516745906899594,0.49389755597657414
2017-10-08 22:00:00,0.0002528248016075781,0.4956416998020075
2017-10-08 23:00:00,0.00025625894624521596,0.5026530623887527
2017-10-09 00:00:00,0.00025642316787278884,0.5053025214648056
2017-10-09 01:00:00,0.00025642316787278884,0.5057693834364946
2017-10-09 02:00:00,0.00025843207983096915,0.506305573645766
2017-10-09 03:00:00,0.00026207133662192094,0.5075150721983239
2017-10-09 04:00:00,0.0002623588893513256,0.5086728389596225
2017-10-09 05:00:00,0.0002623588893513256,0.5092282592576728
2017-10-09 06:00:00,0.0002623839512864572,0.5096588912342684
2017-10-09 07:00:00,0.00026354603364703294,0.5100187077452889
2017-10-09 08:00:00,0.00026354603364703294,0.5103839175187973
2017-10-09 09:00:00,0.00026354603364703294,0.5107423147328598
2017-10-09 10:00:00,0.00026354603364703294,0.5111105820624542
2017-10-09 11:00:00,0.00026354603364703294,0.5114865727549791
2017-10-09 12:00:00,0.00026362748493621066,0.5118619932884798
2017-10-09 13:00:00,0.0002647331779427403,0.5123355039277494
2017-10-09 14:00:00,0.0002647331779427403,0.5130882612435014
2017-10-09 15:00:00,0.0002647331779427403,0.5137007690023963
2017-10-09 16:00:00,0.0002647331779427403,0.5143096365152132
2017-10-09 17:00:00,0.0002647331779427403,0.5149237093260045
2017-10-09 18:00:00,0.00026479946016591733,0.5154755434589949
2017-10-09 19:00:00,0.0002688007959670598,0.5162988939805289
2017-10-09 20:00:00,0.00027131391448861143,0.5177095475387482
2017-10-09 21:00:00,0.00027185604371698447,0.5183795361649166
2017-10-09 22:00:00,0.00027185604371698447,0.5187483337522965
2017-10-09 23:00:00,0.00027185604371698447,0.5192955637439933
2017-10-10 00:00:00,0.00027185604371698447,0.5200712026065205
2017-10-10 01:00:00,0.00027434245149188263,0.5210010073249112
2017-10-10 02:00:00,0.00027757214350081536,0.522854071969238
2017-10-10 03:00:00,0.0002777917651955212,0.524092909474015
2017-10-10 04:00:00,0.0002777917651955212,0.5250430638242081
2017-10-10 05:00:00,0.0002789653892367497,0.5255223004561306
2017-10-10 06:00:00,0.00027897890949122857,0.5258995871145117
2017-10-10 07:00:00,0.00027897890949122857,0.5262773206008151
2017-10-10 08:00:00,0.00027897890949122857,0.5266251416782521
2017-10-10 09:00:00,0.00027897890949122857,0.5269808084604345
2017-10-10 10:00:00,0.0002790979536831037,0.5273386282607021
2017-10-10 11:00:00,0.00028016605378693594,0.5276890003793256
2017-10-10 12:00:00,0.00028016605378693594,0.5280430430821591
2017-10-10 13:00:00,0.00028016605378693594,0.5285989164736157
2017-10-10 14:00:00,0.00028016605378693594,0.529472133321053
2017-10-10 15:00:00,0.00028016605378693594,0.5303230391105019
2017-10-10 16:00:00,0.00028016605378693594,0.5309953050751441
2017-10-10 17:00:00,0.00028016605378693594,0.5317490767397444
2017-10-10 18:00:00,0.00028016605378693594,0.5321944579949273
2017-10-10 19:00:00,0.00028016605378693594,0.5327792142773361
2017-10-10 20:00:00,0.00028016605378693594,0.5334684524482594
2017-10-10 21:00:00,0.00028016605378693594,0.5341256858684948
2017-10-10 22:00:00,0.00028016605378693594,0.5346919840356793
2017-10-10 23:00:00,0.0002808512998554026,0.5352025978806243
2017-10-11 00:00:00,6.325764332137517e-05,0.11994547281368666
2017-10-11 01:00:00,0.0002831959098394246,0.536659458722218
2017-10-11 02:00:00,0.0002884127494944497,0.5385539942739415
2017-10-11 03:00:00,0.00029085035244830215,0.5406668489592686
2017-10-11 04:00:00,0.00029181095004091203,0.5427519848145779
2017-10-11 05:00:00,0.0002920374967440095,0.543758372541247
2017-10-11 06:00:00,0.0002920374967440095,0.5446691654735043
2017-10-11 07:00:00,0.0002920374967440095,0.5450282538693567
2017-10-11 08:00:00,0.0002920374967440095,0.545375396955496
2017-10-11 09:00:00,0.0002920374967440095,0.545713148411207
2017-10-11 10:00:00,0.0002920374967440095,0.5460556286583624
2017-10-11 11:00:00,0.0002925733604885996,0.5463946437632238
2017-10-11 12:00:00,0.00029322464103971683,0.5467335091559988
2017-10-11 13:00:00,0.00029322464103971683,0.5474535646035518
2017-10-11 14:00:00,0.00029322464103971683,0.548709485114744
2017-10-11 15:00:00,0.00029322464103971683,0.5502937647916943
2017-10-11 16:00:00,0.00029322464103971683,0.5508624078986251
2017-10-11 17:00:00,0.00029322464103971683,0.5512552738473134
2017-10-11 18:00:00,0.00029322464103971683,0.5516466871930511
2017-10-11 19:00:00,0.00029322464103971683,0.55199675527083
2017-10-11 20:00:00,0.00029322464103971683,0.5526783858253916
2017-10-11 21:00:00,0.00029322464103971683,0.5535127566733751
2017-10-11 22:00:00,0.00029322464103971683,0.5539955286869628
2017-10-11 23:00:00,0.00029322464103971683,0.5544962852771058
2017-10-12 00:00:00,0.00029322464103971683,0.5549865570747816
2017-10-12 01:00:00,0.00029322464103971683,0.5553885521631039
2017-10-12 02:00:00,0.00029322464103971683,0.5558297088334055
2017-10-12 03:00:00,0.00029322464103971683,0.5567919278672661
2017-10-12 04:00:00,0.00029322464103971683,0.5580994726672063
2017-10-12 05:00:00,0.00029322464103971683,0.5586267339025626
2017-10-12 06:00:00,0.00029322464103971683,0.5589731327151808
2017-10-12 07:00:00,0.00029322464103971683,0.5593174375371663
2017-10-12 08:00:00,0.00029322464103971683,0.559656885290171
2017-10-12 09:00:00,0.00029322464103971683,0.56
2017-10-12 10:00:00,0.00029322464103971683,0.5603416881581005
2017-10-12 11:00:00,0.00029322464103971683,0.5606798956750785
2017-10-12 12:00:00,0.00029322464103971683,0.5610265167474898
2017-10-12 13:00:00,0.00029322464103971683,0.5619056778902257
2017-10-12 14:00:00,0.00029322464103971683,0.5632794570978089
2017-10-12 15:00:00,0.00029322464103971683,0.5643258476300956
2017-10-12 16:00:00,0.00029322464103971683,0.5651849064627575
2017-10-12 17:00:00,0.00029322464103971683,0.5660128321065022
2017-10-12 18:00:00,0.00029322464103971683,0.5666497162246978
2017-10-12 19:00:00,0.00029322464103971683,0.5670572575852173
2017-10-12 20:00:00,0.00029322464103971683,0.5674459015871229
2017-10-12 21:00:00,0.00029322464103971683,0.5678301653563398
2017-10-12 22:00:00,0.00029322464103971683,0.56838392563095
2017-10-12 23:00:00,0.00029322464103971683,0.5688664641728262
2017-10-13 00:00:00,0.00029322464103971683,0.5695307357099237
2017-10-13 01:00:00,0.00029322464103971683,0.5704863914846404
2017-10-13 02:00:00,0.00029322464103971683,0.5716630061402072
2017-10-13 03:00:00,0.00029322464103971683,0.57269181011904
2017-10-13 04:00:00,0.00029322464103971683,0.574335758306391
2017-10-13 05:00:00,0.00029322464103971683,0.576061583835817
2017-10-13 06:00:00,0.00029322464103971683,0.5766591906254646
2017-10-13 07:00:00,0.00029322464103971683,0.5771847473194694
2017-10-13 08:00:00,0.00029322464103971683,0.5777123887707626
2017-10-13 09:00:00,0.00029322464103971683,0.5782423454831946
2017-10-13 10:00:00,0.00029322464103971683,0.5787633976241221
2017-10-13 11:00:00,0.00029322464103971683,0.5792865045139679
2017-10-13 12:00:00,0.00029322464103971683,0.5798149120030941
2017-10-13 13:00:00,0.00029322464103971683,0.5807347414117778
2017-10-13 14:00:00,0.00029322464103971683,0.5821352584065234
2017-10-13 15:00:00,0.00029322464103971683,0.5828660063967952
2017-10-13 16:00:00,0.00029322464103971683,0.5835795091375982
2017-10-13 17:00:00,0.00029322464103971683,0.5842438964212646
2017-10-13 18:00:00,0.00029322464103971683,0.5848891621079503
2017-10-13 19:00:00,0.00029322464103971683,0.5854607028362494
2017-10-13 20:00:00,0.00029322464103971683,0.5860520837135906
2017-10-13 21:00:00,0.00029322464103971683,0.5866569030643591
2017-10-13 22:00:00,0.00029322464103971683,0.5870927973878077
2017-10-13 23:00:00,0.00029322464103971683,0.5874404456697973
2017-10-14 00:00:00,0.00029322464103971683,0.5881123996792996
2017-10-14 01:00:00,0.00029358540100069013,0.5890160120373794
2017-10-14 02:00:00,0.0002990604445400316,0.5901453704356817
2017-10-14 03:00:00,0.00030153465110966836,0.5912216351244077
2017-10-14 04:00:00,0.00030153465110966836,0.5923835364454784
2017-10-14 05:00:00,0.00030153465110966836,0.5967899908434902
2017-10-14 06:00:00,0.00030153465110966836,0.6027782883047854
2017-10-14 07:00:00,0.00030153465110966836,0.6040407354715056
2017-10-14 08:00:00,0.00030153465110966836,0.6043698118702757
2017-10-14 09:00:00,0.00030153465110966836,0.6047018607464573
2017-10-14 10:00:00,0.00030153465110966836,0.605026957243976
2017-10-14 11:00:00,0.00030153465110966836,0.6053497078124616
2017-10-14 12:00:00,0.00030153465110966836,0.6056744165095103
2017-10-14 13:00:00,0.00030153465110966836,0.6060514706854667
2017-10-14 14:00:00,0.00030153465110966836,0.606751792497202
2017-10-14 15:00:00,0.00030153465110966836,0.6076494750695247
2017-10-14 16:00:00,0.00030153465110966836,0.6082459636351981
2017-10-14 17:00:00,0.00030153465110966836,0.6088718706258062
2017-10-14 18:00:00,0.00030153465110966836,0.6098432164909645
2017-10-14 19:00:00,0.00030153465110966836,0.610699681083578
2017-10-14 20:00:00,0.00030153465110966836,0.6111862328326982
2017-10-14 21:00:00,0.00030153465110966836,0.6117346489794039
2017-10-14 22:00:00,0.00030153465110966836,0.6123879443782008
2017-10-14 23:00:00,0.00030153465110966836,0.6135493550129626
2017-10-15 00:00:00,0.00030153465110966836,0.6148824148414407
2017-10-15 01:00:00,0.00030153465110966836,0.6160742180189841
2017-10-15 02:00:00,0.00030153465110966836,0.617685995255446
2017-10-15 03:00:00,0.00030153465110966836,0.6223890098402062
2017-10-15 04:00:00,0.00030153465110966836,0.6245715360456745
2017-10-15 05:00:00,0.00030153465110966836,0.6257697504619394
2017-10-15 06:00:00,0.00030153465110966836,0.6263130374857631
2017-10-15 07:00:00,0.00030153465110966836,0.6266577179070133
2017-10-15 08:00:00,0.00030153465110966836,0.6270032497745334
2017-10-15 09:00:00,0.00030153465110966836,0.6273500495781138
2017-10-15 10:00:00,0.00012178649519818271,0.25339351462411736
2017-10-15 11:00:00,0.00030153465110966836,0.6280394648313945
2017-10-15 12:00:00,0.00030153465110966836,0.6283852697421025
2017-10-15 13:00:00,0.00030153465110966836,0.6287778438511515
2017-10-15 14:00:00,0.00030153465110966836,0.6294705962989524
2017-10-15 15:00:00,0.00030153465110966836,0.6305316203632577
2017-10-15 16:00:00,0.00030153465110966836,0.6325160731917988
2017-10-15 17:00:00,0.00030153465110966836,0.6340523642094067
2017-10-15 18:00:00,0.00030153465110966836,0.635547016470605
2017-10-15 19:00:00,0.00030153465110966836,0.640853341413829
2017-10-15 20:00:00,0.00030153465110966836,0.6456865781432952
2017-10-15 21:00:00,0.00030153465110966836,0.6470524575651151
2017-10-15 22:00:00,0.00030153465110966836,0.6478780135369405
2017-10-15 23:00:00,0.00030153465110966836,0.6484297411567067
2017-10-16 00:00:00,0.00030153465110966836,0.6490573131171894
2017-10-16 01:00:00,0.00030153465110966836,0.6512159691484941
2017-10-16 02:00:00,0.00030153465110966836,0.6581215927928207
2017-10-16 03:00:00,0.00030153465110966836,0.6609246957110093
2017-10-16 04:00:00,0.00030153465110966836,0.6625908068930744
2017-10-16 05:00:00,0.00030153465110966836,0.6635888842799111
2017-10-16 06:00:00,0.00030153465110966836,0.6641394679542435
2017-10-16 07:00:00,0.00030153465110966836,0.6646432118611018
2017-10-16 08:00:00,0.00030153465110966836,0.6651479503310699
2017-10-16 09:00:00,0.00030153465110966836,0.6656429248689683
2017-10-16 10:00:00,0.00030153465110966836,0.6661532894136112
2017-10-16 11:00:00,0.00030153465110966836,0.6666507236485377
2017-10-16 12:00:00,0.00030153465110966836,0.6671517084341954
2017-10-16 13:00:00,0.00030153465110966836,0.6678228634296343
2017-10-16 14:00:00,0.00030153465110966836,0.6691641643478606
2017-10-16 15:00:00,0.00030153465110966836,0.670032035418582
2017-10-16 16:00:00,0.00030153465110966836,0.6709366799326745
2017-10-16 17:00:00,0.00030153465110966836,0.6715176897855435
2017-10-16 18:00:00,0.00030153465110966836,0.6719604685566203
2017-10-16 19:00:00,0.00030153465110966836,0.6725848929359078
2017-10-16 20:00:00,0.00030153465110966836,0.6732618458121821
2017-10-16 21:00:00,0.00030153465110966836,0.6739181964587289
2017-10-16 22:00:00,0.00030153465110966836,0.6744966882466418
2017-10-16 23:00:00,0.00030153465110966836,0.6750447228583613
2017-10-17 00:00:00,0.00030153465110966836,0.6756040801885634
2017-10-17 01:00:00,0.00030153465110966836,0.6760969937120596
2017-10-17 02:00:00,0.00030153465110966836,0.6769224735087928
2017-10-17 03:00:00,0.00030153465110966836,0.6781486702351566
2017-10-17 04:00:00,0.00030153465110966836,0.679013129585077
2017-10-17 05:00:00,0.00030153465110966836,0.6794730437947755
2017-10-17 06:00:00,0.00030153465110966836,0.6798000496160365
2017-10-17 07:00:00,0.00030153465110966836,0.6801236331641027
2017-10-17 08:00:00,0.00030153465110966836,0.6804489156475612
2017-10-17 09:00:00,0.00030153465110966836,0.6807754281444147
2017-10-17 10:00:00,0.00030153465110966836,0.6810975020406517
2017-10-17 11:00:00,0.00030153465110966836,0.6814818604516498
2017-10-17 12:00:00,0.00030153465110966836,0.6819739838646646
2017-10-17 13:00:00,0.00030153465110966836,0.682586508441437
2017-10-17 14:00:00,0.00030153465110966836,0.6838067503201086
2017-10-17 15:00:00,0.00030153465110966836,0.6847556650937995
2017-10-17 16:00:00,0.00030153465110966836,0.6854081285023025
2017-10-17 17:00:00,0.00030153465110966836,0.6861026418808086
2017-10-17 18:00:00,0.00030153465110966836,0.686743843247093
2017-10-17 19:00:00,0.00030153465110966836,0.6874083050570402
2017-10-17 20:00:00,0.00030153465110966836,0.6880681739376123
2017-10-17 21:00:00,0.00030153465110966836,0.6885854991049758
2017-10-17 22:00:00,0.00030153465110966836,0.6893557994455576
2017-10-17 23:00:00,0.00030153465110966836,0.6899163577700722
2017-10-18 00:00:00,0.00030153465110966836,0.6908413763183774
2017-10-18 01:00:00,0.00030153465110966836,0.6917327769188021
2017-10-18 02:00:00,0.00030153465110966836,0.6928120394766369
2017-10-18 03:00:00,0.00030239467119944747,0.694779761484904
2017-10-18 04:00:00,0.00030272179540537567,0.6965528980121369
2017-10-18 05:00:00,0.00030272179540537567,0.6978127321423573
2017-10-18 06:00:00,0.00030272179540537567,0.6982435619763355
2017-10-18 07:00:00,0.00030272179540537567,0.6985999713832274
2017-10-18 08:00:00,0.00030272179540537567,0.6989411127954271
2017-10-18 09:00:00,0.00030272179540537567,0.6992740906120202
2017-10-18 10:00:00,0.00030272179540537567,0.699605381364664
2017-10-18 11:00:00,0.00030272179540537567,0.6999377425257479
2017-10-18 12:00:00,0.00030272179540537567,0.70027164895299
2017-10-18 13:00:00,0.00030272179540537567,0.7007486669441287
2017-10-18 14:00:00,0.00030272179540537567,0.701441923598493
2017-10-18 15:00:00,0.00030272179540537567,0.7021505132107232
2017-10-18 16:00:00,0.00030272179540537567,0.7026336420271242
2017-10-18 17:00:00,0.00030272179540537567,0.7032050145766481
2017-10-18 18:00:00,0.00030272179540537567,0.7037576658606288
2017-10-18 19:00:00,0.00030272179540537567,0.7041400707597358
2017-10-18 20:00:00,0.00030272179540537567,0.7046363221372767
2017-10-18 21:00:00,0.00030272179540537567,0.7050871860205319
2017-10-18 22:00:00,0.00030272179540537567,0.7054651707857112
2017-10-18 23:00:00,0.00030272179540537567,0.7062317461313029
2017-10-19 00:00:00,0.00030272179540537567,0.706936338694642
2017-10-19 01:00:00,0.00030272179540537567,0.7078086533124146
2017-10-19 02:00:00,0.00030272179540537567,0.7087719823261915
2017-10-19 03:00:00,0.00030272179540537567,0.7105701445147026
2017-10-19 04:00:00,0.00030272179540537567,0.7118460680775153
2017-10-19 05:00:00,0.00030272179540537567,0.7123150187636401
2017-10-19 06:00:00,0.00030272179540537567,0.7126410620087347
2017-10-19 07:00:00,0.00030272179540537567,0.7129676480425822
2017-10-19 08:00:00,0.00030272179540537567,0.7133017493593462
2017-10-19 09:00:00,0.00030272179540537567,0.7136227683459714
2017-10-19 10:00:00,0.00030272179540537567,0.713960364483637
2017-10-19 11:00:00,0.00030272179540537567,0.7142802906379856
2017-10-19 12:00:00,0.00030272179540537567,0.7146016809369656
2017-10-19 13:00:00,0.00030272179540537567,0.7151780414711054
2017-10-19 14:00:00,0.00030272179540537567,0.7162194549009324
2017-10-19 15:00:00,0.00030272179540537567,0.7170780111758425
2017-10-19 16:00:00,0.00030272179540537567,0.7176508346795056
2017-10-19 17:00:00,0.00030272179540537567,0.7182929145325688
2017-10-19 18:00:00,0.00030272179540537567,0.7190305967645768
2017-10-19 19:00:00,0.00030272179540537567,0.7197154118337117
2017-10-19 20:00:00,0.00017667180337408177,0.42050397408094675
2017-10-19 21:00:00,0.00030272179540537567,0.7209085080092504
2017-10-19 22:00:00,0.00030272179540537567,0.7212694635192702
2017-10-19 23:00:00,0.00030272179540537567,0.7217220418367458
2017-10-20 00:00:00,0.00030272179540537567,0.7224917970802385
2017-10-20 01:00:00,0.00030272179540537567,0.7234196162997947
2017-10-20 02:00:00,0.00030272179540537567,0.7242538595297663
2017-10-20 03:00:00,0.00030272179540537567,0.7255210984725312
2017-10-20 04:00:00,0.00030272179540537567,0.7262510263439521
2017-10-20 05:00:00,0.00030272179540537567,0.7266826166098043
2017-10-20 06:00:00,0.00030272179540537567,0.727012226893745
2017-10-20 07:00:00,0.00030272179540537567,0.7273413484699508
2017-10-20 08:00:00,0.00030272179540537567,0.7276635110722477
2017-10-20 09:00:00,0.00030272179540537567,0.7279883074860694
2017-10-20 10:00:00,0.00030272179540537567,0.7283186636923427
2017-10-20 11:00:00,0.00030272179540537567,0.7286430416378002
2017-10-20 12:00:00,0.00030272179540537567,0.7289618017526406
2017-10-20 13:00:00,0.00030272179540537567,0.7295454302479685
2017-10-20 14:00:00,0.00030272179540537567,0.7306523275464337
2017-10-20 15:00:00,0.00030272179540537567,0.7319853814391903
2017-10-20 16:00:00,0.00030272179540537567,0.732533119264836
2017-10-20 17:00:00,0.00030272179540537567,0.733058300029814
2017-10-20 18:00:00,0.00030272179540537567,0.7337376278542042
2017-10-20 19:00:00,0.00030272179540537567,0.7341536665297824
2017-10-20 20:00:00,0.00030272179540537567,0.7346093808867725
2017-10-20 21:00:00,0.0003048969075649551,0.7351497310475135
2017-10-20 22:00:00,0.00031032842248012056,0.7358115171661231
2017-10-20 23:00:00,0.00031475778975232645,0.7363057207197539
2017-10-21 00:00:00,0.0003157803826581566,0.7370959050677641
2017-10-21 01:00:00,0.0003157803826581566,0.7375878180924287
2017-10-21 02:00:00,0.0003157803826581566,0.7379872994027049
2017-10-21 03:00:00,0.0003157803826581566,0.7384396580984858
2017-10-21 04:00:00,0.00031855665149859,0.7391791253338473
2017-10-21 05:00:00,0.00032416491900889415,0.7402883365744023
2017-10-21 06:00:00,0.00032527753702381545,0.7407517881443396
2017-10-21 07:00:00,0.00032527753702381545,0.7411093536978705
2017-10-21 08:00:00,0.00032594167830480284,0.7414750379993349
2017-10-21 09:00:00,0.0003264646813195228,0.7418596654963734
2017-10-21 10:00:00,0.0003264646813195228,0.742218530972908
2017-10-21 11:00:00,0.0003264646813195228,0.7425862205589453
2017-10-21 12:00:00,0.0003264917218284806,0.7429475246277207
2017-10-21 13:00:00,0.00032765182561523014,0.7433699659682006
2017-10-21 14:00:00,0.00032765182561523014,0.7440989586337263
2017-10-21 15:00:00,0.00032867672685719083,0.7451129747517823
2017-10-21 16:00:00,0.00032975340078093655,0.7463430082625574
2017-10-21 17:00:00,0.0003300261142066449,0.7474824191349458
2017-10-21 18:00:00,0.00033048514333431836,0.748484789367461
2017-10-21 19:00:00,0.00033121325850235224,0.7500549829178181
2017-10-21 20:00:00,0.00033121325850235224,0.7568372602912469
2017-10-21 21:00:00,0.0003319786368107791,0.7610714415852625
2017-10-21 22:00:00,0.0003324004027980596,0.7665369147630067
2017-10-21 23:00:00,0.00033353082797741646,0.7690798856766854
2017-10-22 00:00:00,0.0003335875470937669,0.7700093992149614
2017-10-22 01:00:00,0.0003335875470937669,0.7709440527582755
2017-10-22 02:00:00,0.0003335875470937669,0.7716996865906084
2017-10-22 03:00:00,0.0003335875470937669,0.7725852748006563
2017-10-22 04:00:00,0.0003335875470937669,0.7737779584435523
2017-10-22 05:00:00,0.0003335875470937669,0.7746597029441806
2017-10-22 06:00:00,0.0003335875470937669,0.7750982445994087
2017-10-22 07:00:00,0.0003335875470937669,0.7754885070747041
2017-10-22 08:00:00,0.0003335875470937669,0.7758751939373334
2017-10-22 09:00:00,0.0003335875470937669,0.776268781735706
2017-10-22 10:00:00,0.0003335875470937669,0.7766518563820533
2017-10-22 11:00:00,0.0003335875470937669,0.7770471282765142
2017-10-22 12:00:00,0.0003335875470937669,0.7774308334283875
2017-10-22 13:00:00,0.0003335875470937669,0.7778722459942372
2017-10-22 14:00:00,0.0003335875470937669,0.778672430054365
2017-10-22 15:00:00,0.0003335875470937669,0.7797763354194428
2017-10-22 16:00:00,0.0003335875470937669,0.7807747738960029
2017-10-22 17:00:00,0.0003335875470937669,0.7814274143868634
2017-10-22 18:00:00,0.0003335875470937669,0.7819499623296032
2017-10-22 19:00:00,0.0003335875470937669,0.7825381629792811
2017-10-22 20:00:00,0.0003335875470937669,0.7830315028854368
2017-10-22 21:00:00,0.0003335875470937669,0.7834424068321738
2017-10-22 22:00:00,0.0003335875470937669,0.7840983274686758
2017-10-22 23:00:00,0.0003335875470937669,0.7847997971829924
2017-10-23 00:00:00,0.0003335875470937669,0.7852351104652607
2017-10-23 01:00:00,0.00033365086145620466,0.7857278871374005
2017-10-23 02:00:00,0.0003377075973244802,0.7868110118713442
2017-10-23 03:00:00,0.00034045023040986855,0.7883357282320689
2017-10-23 04:00:00,0.0003407104128680111,0.7897637843363764
2017-10-23 05:00:00,0.00034096663817850126,0.7909352421690276
2017-10-23 06:00:00,0.00034189755716371845,0.7922082199651752
2017-10-23 07:00:00,0.00034189755716371845,0.7936880573250877
2017-10-23 08:00:00,0.00034189755716371845,0.7943165189842676
2017-10-23 09:00:00,0.0003426243532825348,0.7946720304484046
2017-10-23 10:00:00,0.00034308470145942577,0.7950455129688425
2017-10-23 11:00:00,0.00034308470145942577,0.7954605877492053
2017-10-23 12:00:00,0.00034349030909379245,0.7959200610667027
2017-10-23 13:00:00,0.00034427184575513313,0.7966581736385179
2017-10-23 14:00:00,0.00034427184575513313,0.7978174065230217
2017-10-23 15:00:00,0.00034427184575513313,0.7991401381961271
2017-10-23 16:00:00,0.00034427184575513313,0.7998947052474055
2017-10-23 17:00:00,0.00034427184575513313,0.8006693637266017
2017-10-23 18:00:00,0.00034427184575513313,0.801440378662097
2017-10-23 19:00:00,0.00034469064388167436,0.8020496686004259
2017-10-23 20:00:00,0.00034901151935574475,0.8026672860262268
2017-10-23 21:00:00,0.0003502075672336699,0.8032599104372178
2017-10-23 22:00:00,0.0003512067470158903,0.8039187019843415
2017-10-23 23:00:00,0.0003513947115293773,0.804291654246994
2017-10-24 00:00:00,0.0003513947115293773,0.8049802045337504
2017-10-24 01:00:00,0.0003513947115293773,0.8060178939578743
2017-10-24 02:00:00,0.00035251887122495125,0.8069698478209621
2017-10-24 03:00:00,0.0003525818558250846,0.8080561052967973
2017-10-24 04:00:00,0.0003525818558250846,0.8091740308360073
2017-10-24 05:00:00,0.0003534718842845608,0.8096708345654079
2017-10-24 06:00:00,0.00027014193925890476,0.618410101832908
2017-10-24 07:00:00,0.000353769000120792,0.8103997602891858
2017-10-24 08:00:00,0.000353769000120792,0.8107635108644974
2017-10-24 09:00:00,0.0003538511109345784,0.8111303321863872
2017-10-24 10:00:00,0.00035495614441649934,0.8115000969666057
2017-10-24 11:00:00,0.00035495614441649934,0.8118904039598123
2017-10-24 12:00:00,0.00035495614441649934,0.8122550115873528
2017-10-24 13:00:00,0.00035495614441649934,0.8129602686217352
2017-10-24 14:00:00,0.00035562193450900856,0.814289711617259
2017-10-24 15:00:00,0.0003561432887122067,0.8154901337921515
2017-10-24 16:00:00,0.0003561432887122067,0.8163729374893014
2017-10-24 17:00:00,0.0003561432887122067,0.8171959011996524
2017-10-24 18:00:00,0.0003561432887122067,0.8181103373458483
2017-10-24 19:00:00,0.0003561432887122067,0.819078565638181
2017-10-24 20:00:00,0.0003561432887122067,0.8198781541475871
2017-10-24 21:00:00,0.0003561432887122067,0.8247774518297242
2017-10-24 22:00:00,0.0003561432887122067,0.8295632403802649
2017-10-24 23:00:00,0.0003577660490119778,0.8300898473672093
2017-10-25 00:00:00,0.00036239525224062775,0.8307110882212105
2017-10-25 01:00:00,0.0003632661544864508,0.8316007298695036
2017-10-25 02:00:00,0.0003632661544864508,0.8324350885162818
2017-10-25 03:00:00,0.0003644351618554182,0.8333559870143563
2017-10-25 04:00:00,0.0003644532987821582,0.8343504525146734
2017-10-25 05:00:00,0.0003644532987821582,0.8351320792011232
2017-10-25 06:00:00,0.0003644532987821582,0.8357645919902122
2017-10-25 07:00:00,0.00036555272630490494,0.8363112049966377
2017-10-25 08:00:00,0.00036564044307786555,0.8368192064646076
2017-10-25 09:00:00,0.00036564044307786555,0.837333541347395
2017-10-25 10:00:00,0.00036564044307786555,0.8378434521391072
2017-10-25 11:00:00,0.0003662224735450665,0.8383520969733329
2017-10-25 12:00:00,0.0003668275873735729,0.8388808751152892
2017-10-25 13:00:00,0.0003668275873735729,0.8396265283617182
2017-10-25 14:00:00,0.0003668275873735729,0.8404509535786021
2017-10-25 15:00:00,0.0003668275873735729,0.841443653861304
2017-10-25 16:00:00,0.0003668275873735729,0.8419269218373975
2017-10-25 17:00:00,0.0003668275873735729,0.8423602581946511
2017-10-25 18:00:00,0.0003668275873735729,0.8428873838977002
2017-10-25 19:00:00,0.0003668275873735729,0.8434487240886386
2017-10-25 20:00:00,0.0003668275873735729,0.8440530814424188
2017-10-25 21:00:00,0.00036789568747740516,0.8444695791471247
2017-10-25 22:00:00,0.00036801473166928023,0.8449592082380692
2017-10-25 23:00:00,0.00036801473166928023,0.8456696689216144
2017-10-26 00:00:00,0.00036801473166928023,0.8464481562709266
2017-10-26 01:00:00,0.0003689512566136716,0.8473235795579426
2017-10-26 02:00:00,0.0003692018759649876,0.8488660790104546
2017-10-26 03:00:00,0.0003692018759649876,0.8500876501609752
2017-10-26 04:00:00,0.0003692018759649876,0.8511178183664613
2017-10-26 05:00:00,0.0003692018759649876,0.8517175494848734
2017-10-26 06:00:00,0.0003692018759649876,0.8520819612336052
2017-10-26 07:00:00,0.0003692018759649876,0.8524477744721306
2017-10-26 08:00:00,0.0003692018759649876,0.8528085555378915
2017-10-26 09:00:00,0.0003692018759649876,0.8531804825695397
2017-10-26 10:00:00,0.0003692018759649876,0.8535399290872547
2017-10-26 11:00:00,0.0003692018759649876,0.8539083312896316
2017-10-26 12:00:00,0.0003692018759649876,0.8542648531454692
2017-10-26 13:00:00,0.0003693627999695168,0.8549645510469246
2017-10-26 14:00:00,0.00037038902026069497,0.8565346990900837
2017-10-26 15:00:00,0.00037038902026069497,0.8576317780456988
2017-10-26 16:00:00,0.00037038902026069497,0.8583423989937239
2017-10-26 17:00:00,0.00037038902026069497,0.8590754206950844
2017-10-26 18:00:00,0.00037038902026069497,0.8597240331393969
2017-10-26 19:00:00,0.00037038902026069497,0.860370140049721
2017-10-26 20:00:00,0.00037038902026069497,0.8610254100651965
2017-10-26 21:00:00,0.00037038902026069497,0.861536237925877
2017-10-26 22:00:00,0.00037038902026069497,0.8622743765489143
2017-10-26 23:00:00,0.000370931149489068,0.8629253388794078
2017-10-27 00:00:00,0.00037276330885210965,0.8643901239091752
2017-10-27 01:00:00,0.0003734020584356611,0.8660616415442203
2017-10-27 02:00:00,0.000373950453147817,0.8678042935249887
2017-10-27 03:00:00,0.000373950453147817,0.8690743176401763
2017-10-27 04:00:00,0.00037445432994888395,0.8703616585632529
2017-10-27 05:00:00,0.0003751375974435244,0.8711979242254371
2017-10-27 06:00:00,0.0003751375974435244,0.8717210291367091
2017-10-27 07:00:00,0.0003751375974435244,0.8722320861821913
2017-10-27 08:00:00,0.0003751375974435244,0.8727495646890262
2017-10-27 09:00:00,0.0003762142713672701,0.873253628795082
2017-10-27 10:00:00,0.00037632474173923176,0.8737624009175572
2017-10-27 11:00:00,0.00037632474173923176,0.8742688653634264
2017-10-27 12:00:00,0.00037632474173923176,0.8747689653968215
2017-10-27 13:00:00,0.00037720059041962027,0.8756014051567506
2017-10-27 14:00:00,0.00037751188603493913,0.8768661194393133
2017-10-27 15:00:00,0.00037751188603493913,0.8780193344915246
2017-10-27 16:00:00,0.00037751188603493913,0.8789466715985919
2017-10-27 17:00:00,0.00037751188603493913,0.8796662521884264
2017-10-27 18:00:00,0.00037751188603493913,0.8804411075357185
2017-10-27 19:00:00,0.00037751188603493913,0.8810178674120087
2017-10-27 20:00:00,0.00037751188603493913,0.8816352915970993
2017-10-27 21:00:00,0.00037751188603493913,0.8822059178945285
2017-10-27 22:00:00,0.00037751188603493913,0.8827642915437768
2017-10-27 23:00:00,0.00037751188603493913,0.8831518367776843
2017-10-28 00:00:00,0.00037751188603493913,0.8835148585783031
2017-10-28 01:00:00,0.0003783775120838924,0.8841073068962236
2017-10-28 02:00:00,0.0003798861746263538,0.8853180113895285
2017-10-28 03:00:00,0.0003798861746263538,0.8864936024629024
2017-10-28 04:00:00,0.00037988683415096256,0.8876071777777933
2017-10-28 05:00:00,0.0003810733189220612,0.8882017243732564
2017-10-28 06:00:00,0.00038200159980884347,0.8885994651980902
2017-10-28 07:00:00,0.0003827501602397478,0.8889813622632485
2017-10-28 08:00:00,0.0003837081197339228,0.8893494422878541
2017-10-28 09:00:00,0.0003846383791945312,0.8897327187487316
2017-10-28 10:00:00,0.0003858218961048906,0.8901249116525568
2017-10-28 11:00:00,0.0003866502590134508,0.8905111312420008
2017-10-28 12:00:00,0.00038700904040059797,0.8909490018309394
2017-10-28 13:00:00,0.00038700904040059797,0.8914123947031866
2017-10-28 14:00:00,0.00038700904040059797,0.8920980232959262
2017-10-28 15:00:00,0.00038700904040059797,0.8928037225415587
2017-10-28 16:00:00,0.0003651860306224531,0.8429564196361187
2017-10-28 17:00:00,0.00038700904040059797,0.8942471142418306
2017-10-28 18:00:00,0.00038700904040059797,0.8954131105511969
2017-10-28 19:00:00,0.00038700904040059797,0.8960879757023221
2017-10-28 20:00:00,0.0003876260256720614,0.8964650951712149
2017-10-28 21:00:00,0.00039009396675791525,0.9006547390981655
2017-10-28 22:00:00,0.0003947277866588263,0.9067916073383062
2017-10-28 23:00:00,0.00039531905047054944,0.9078411678756249
2017-10-29 00:00:00,0.00039531905047054944,0.908337777045266
2017-10-29 01:00:00,0.00039531905047054944,0.9087119913082572
2017-10-29 02:00:00,0.00039531905047054944,0.9092212851146979
2017-10-29 03:00:00,0.00039531905047054944,0.9104187480026711
2017-10-29 04:00:00,0.00039531905047054944,0.9112412361957791
2017-10-29 05:00:00,0.00039622325870911323,0.9123261202116165
2017-10-29 06:00:00,0.0003965061947662568,0.9130698176378185
2017-10-29 07:00:00,0.0003965061947662568,0.9136084889786679
2017-10-29 08:00:00,0.0003965061947662568,0.9139729003976375
2017-10-29 09:00:00,0.0003965061947662568,0.9143447176184383
2017-10-29 10:00:00,0.0003965061947662568,0.9147067969583914
2017-10-29 11:00:00,0.0003965061947662568,0.9150694461276063
2017-10-29 12:00:00,0.0003965061947662568,0.9154320619908286
2017-10-29 13:00:00,0.0003965061947662568,0.9158422536509883
2017-10-29 14:00:00,0.0003965061947662568,0.9167478396364597
2017-10-29 15:00:00,0.0003965061947662568,0.9177297385548822
2017-10-29 16:00:00,0.0003965061947662568,0.9183462189602576
2017-10-29 17:00:00,0.0003965061947662568,0.9192092484608263
2017-10-29 18:00:00,0.0003965061947662568,0.9199608453430292
2017-10-29 19:00:00,0.0003965061947662568,0.920975827664637
2017-10-29 20:00:00,0.0003965061947662568,0.9218581393564288
2017-10-29 21:00:00,0.0003965061947662568,0.9224543766432263
2017-10-29 22:00:00,0.0003965061947662568,0.9228145891987743
2017-10-29 23:00:00,0.0003965061947662568,0.923310136204033
2017-10-30 00:00:00,0.0003965477448166065,0.9239072869324136
2017-10-30 01:00:00,0.0004005639199214454,0.9293207994638594
2017-10-30 02:00:00,0.0004034341710186223,0.9330961900483475
2017-10-30 03:00:00,0.0004036290605405009,0.934285340947677
2017-10-30 04:00:00,0.0004036290605405009,0.935487373681664
2017-10-30 05:00:00,0.00040459724266611114,0.936015306313072
2017-10-30 06:00:00,0.0004048162048362083,0.936383077020636
2017-10-30 07:00:00,0.0004048162048362083,0.9367406617003805
2017-10-30 08:00:00,0.0004048162048362083,0.9371058183821579
2017-10-30 09:00:00,0.0004049177716259521,0.9374697011921536
2017-10-30 10:00:00,0.00040600334913191565,0.9378281399562665
2017-10-30 11:00:00,0.00040600334913191565,0.938184772282476
2017-10-30 12:00:00,0.00040600334913191565,0.9385395585993057
2017-10-30 13:00:00,0.00040600334913191565,0.9392799851132106
2017-10-30 14:00:00,0.00040600334913191565,0.9406352686126668
2017-10-30 15:00:00,0.00040600334913191565,0.9417837176102932
2017-10-30 16:00:00,0.00040600334913191565,0.9424601824383569
2017-10-30 17:00:00,0.00040600334913191565,0.9429419833019582
2017-10-30 18:00:00,0.00040600334913191565,0.9433495958911354
2017-10-30 19:00:00,0.00040600334913191565,0.9437435691816419
2017-10-30 20:00:00,0.00040600334913191565,0.9442714572951387
2017-10-30 21:00:00,0.00040600334913191565,0.944952361713106
2017-10-30 22:00:00,0.00040659362365672567,0.9455500703993057
2017-10-30 23:00:00,0.000407190493427623,0.9460505776891466
2017-10-31 00:00:00,0.000407190493427623,0.9465092984890655
2017-10-31 01:00:00,0.000407190493427623,0.9469696051159061
2017-10-31 02:00:00,0.00040790080143122124,0.9476515067350819
2017-10-31 03:00:00,0.00040925777331367563,0.9489254108335426
2017-10-31 04:00:00,0.0004095647820190377,0.949721240052679
2017-10-31 05:00:00,0.0004095647820190377,0.9501883064769968
2017-10-31 06:00:00,0.0004095647820190377,0.9505384111583914
2017-10-31 07:00:00,0.0004107215881827436,0.9508855872207611
2017-10-31 08:00:00,0.00041075192631474507,0.9512340259429942
2017-10-31 09:00:00,0.00041075192631474507,0.9515816950000089
2017-10-31 10:00:00,0.00041075192631474507,0.9519333301082581
2017-10-31 11:00:00,0.000411167756580547,0.9523205782263294
2017-10-31 12:00:00,0.00041193907061045244,0.9527129983363823
2017-10-31 13:00:00,0.00041193907061045244,0.9535204193600416
2017-10-31 14:00:00,0.00041193907061045244,0.9546117970551766
2017-10-31 15:00:00,0.00041193907061045244,0.9555942163385154
2017-10-31 16:00:00,0.00041193907061045244,0.956549995444334
2017-10-31 17:00:00,0.00041193907061045244,0.9573302391076792
2017-10-31 18:00:00,0.00041193907061045244,0.9580593600507413
2017-10-31 19:00:00,0.00041193907061045244,0.9587564257894833
2017-10-31 20:00:00,0.00041193907061045244,0.9594259969365743
2017-10-31 21:00:00,0.00041193907061045244,0.9600787297608799
2017-10-31 22:00:00,0.00041193907061045244,0.960633481300977
2017-10-31 23:00:00,0.00041193907061045244,0.9610952774641465
2017-11-01 00:00:00,0.00041193907061045244,0.9621354532960453
2017-11-01 01:00:00,0.00041193907061045244,0.9633936768671713
2017-11-01 02:00:00,0.00041193907061045244,0.9656767357277969
2017-11-01 03:00:00,0.00041321063405607675,0.968047905427337
2017-11-01 04:00:00,0.0004173412366805296,0.9704741045411799
2017-11-01 05:00:00,0.0004187308550311159,0.9719513384276994
2017-11-01 06:00:00,0.0004199941744191312,0.9723771581829874
2017-11-01 07:00:00,0.00042108107097431216,0.9727513031958949
2017-11-01 08:00:00,0.0004220762936088801,0.9731324952292465
2017-11-01 09:00:00,0.0004227668158742166,0.9734978626291363
2017-11-01 10:00:00,0.00042381051356752596,0.9738565381625838
2017-11-01 11:00:00,0.0004245646799576045,0.9742251303080479
2017-11-01 12:00:00,0.00042519419619663375,0.9745779133188787
2017-11-01 13:00:00,0.0004261848021589407,0.9753277169536705
2017-11-01 14:00:00,0.0004261848021589407,0.976669077558874
2017-11-01 15:00:00,0.0004261848021589407,0.9779254653432515
2017-11-01 16:00:00,0.0004261848021589407,0.9786885313584003
2017-11-01 17:00:00,0.0004261848021589407,0.979149180608275
2017-11-01 18:00:00,0.0004261848021589407,0.9795740430635935
2017-11-01 19:00:00,0.0004261848021589407,0.9799825044609421
2017-11-01 20:00:00,0.0004261848021589407,0.9803700549710466
2017-11-01 21:00:00,0.00042711704019337534,0.9808212888476072
2017-11-01 22:00:00,0.00043147254070940386,0.9817792747227665
2017-11-01 23:00:00,0.0004323447620044444,0.9826648682090113
2017-11-02 00:00:00,0.0004333076679331848,0.9833232834973458
2017-11-02 01:00:00,5.34412790450928e-05,0.1212904621232874
2017-11-02 02:00:00,0.00043395532109895404,0.9852877639421608
2017-11-02 03:00:00,0.00043449481222889217,0.9868679743522752
2017-11-02 04:00:00,0.00043522160834770854,0.9882867291810259
2017-11-02 05:00:00,0.00043568195652459954,0.9891073179432608
2017-11-02 06:00:00,0.00043568195652459954,0.9895340247591475
2017-11-02 07:00:00,0.0004363563204370222,0.9899433237527493
2017-11-02 08:00:00,0.0004368691008203069,0.990353389773471
2017-11-02 09:00:00,0.0004368691008203069,0.9907575444751245
2017-11-02 10:00:00,0.0004368691008203069,0.9911426300120039
2017-11-02 11:00:00,0.00043711741183549235,0.9915456826480363
2017-11-02 12:00:00,0.0004380562451160142,0.9919273670165083
2017-11-02 13:00:00,0.0004380562451160142,0.9929345778298891
2017-11-02 14:00:00,0.0004380562451160142,0.9944150872453779
2017-11-02 15:00:00,0.0004380562451160142,0.9961227079170292
2017-11-02 16:00:00,0.0004380562451160142,1.0024200045289557
2017-11-02 17:00:00,0.0004388104115060928,1.00447964580099
2017-11-02 18:00:00,0.0004392433894117216,1.0052369429543861
2017-11-02 19:00:00,0.0004392433894117216,1.0061090208028243
2017-11-02 20:00:00,0.0004392433894117216,1.007044512601916
2017-11-02 21:00:00,0.0004392433894117216,1.0078221765347544
2017-11-02 22:00:00,0.0004392433894117216,1.0084213506846345
2017-11-02 23:00:00,0.0004392433894117216,1.0090377496387208
2017-11-03 00:00:00,0.0004392433894117216,1.0096320307755289
2017-11-03 01:00:00,0.0004392433894117216,1.0102933565459615
2017-11-03 02:00:00,0.0004392433894117216,1.0112501044934303
2017-11-03 03:00:00,0.0004392433894117216,1.0123628890383154
2017-11-03 04:00:00,0.0004392433894117216,1.013581378889864
2017-11-03 05:00:00,0.0004392433894117216,1.01400632543457
2017-11-03 06:00:00,0.0004392433894117216,1.0143375960717134
2017-11-03 07:00:00,0.0004392433894117216,1.01466898740186
2017-11-03 08:00:00,0.0004392433894117216,1.0150024140249492
2017-11-03 09:00:00,0.0004392433894117216,1.0153377687682321
2017-11-03 10:00:00,0.0004392433894117216,1.0156665661880926
2017-11-03 11:00:00,0.0004392433894117216,1.0159945725081851
2017-11-03 12:00:00,0.0004392433894117216,1.0163231608587446
2017-11-03 13:00:00,0.0004392433894117216,1.016925659012653
2017-11-03 14:00:00,0.0004392433894117216,1.0179961769337007
2017-11-03 15:00:00,0.0004392433894117216,1.0195581884217622
2017-11-03 16:00:00,0.0004392433894117216,1.0205060060762663
2017-11-03 17:00:00,0.0004392433894117216,1.0215128096332013
2017-11-03 18:00:00,0.0004392433894117216,1.0224570661845807
2017-11-03 19:00:00,0.0004392433894117216,1.0229930004983039
2017-11-03 20:00:00,0.0004392433894117216,1.0234530568355555
2017-11-03 21:00:00,0.0004392433894117216,1.0239152411289572
2017-11-03 22:00:00,0.0004392433894117216,1.0243456834922278
2017-11-03 23:00:00,0.0004392433894117216,1.0248284340712657
2017-11-04 00:00:00,0.0004392433894117216,1.02536236507899
2017-11-04 01:00:00,0.0004404084396330366,1.025986128944382
2017-11-04 02:00:00,0.00044043053370742896,1.0268369991195019
2017-11-04 03:00:00,0.00044043053370742896,1.0282367138025608
2017-11-04 04:00:00,0.00044043053370742896,1.0297180594952535
2017-11-04 05:00:00,0.00044043053370742896,1.03042069689789
2017-11-04 06:00:00,0.00044043053370742896,1.0307711273844413
2017-11-04 07:00:00,0.00044043053370742896,1.0311195812757403
2017-11-04 08:00:00,0.00044043053370742896,1.0314595045459878
2017-11-04 09:00:00,0.00044043053370742896,1.0317957173307866
2017-11-04 10:00:00,0.00044043053370742896,1.032132922040597
2017-11-04 11:00:00,0.00044043053370742896,1.0324698177631282
2017-11-04 12:00:00,0.00044043053370742896,1.0328047309546855
2017-11-04 13:00:00,0.00044043053370742896,1.0332005858689006
2017-11-04 14:00:00,0.00044043053370742896,1.0340067808363123
2017-11-04 15:00:00,0.00044043053370742896,1.0350704575085938
2017-11-04 16:00:00,0.00044043053370742896,1.0360950253608647
2017-11-04 17:00:00,0.00044043053370742896,1.0372507954114105
2017-11-04 18:00:00,0.00044043053370742896,1.0386146622938868
2017-11-04 19:00:00,0.00044043053370742896,1.0399202436890669
2017-11-04 20:00:00,0.00044043053370742896,1.040978947875561
2017-11-04 21:00:00,0.00044043053370742896,1.0416920182979827
2017-11-04 22:00:00,0.00044043053370742896,1.0443619249452423
2017-11-04 23:00:00,0.00044043053370742896,1.0451405174887296
2017-11-05 00:00:00,0.00044043053370742896,1.0457189489301408
2017-11-05 01:00:00,0.00044043053370742896,1.0462051165061765
2017-11-05 02:00:00,0.00044043053370742896,1.0468528471660872
2017-11-05 03:00:00,0.0004408084413082291,1.0484023375794518
2017-11-05 04:00:00,0.00013113591605148686,0.31182599841390934
2017-11-05 05:00:00,0.0,0.0
2017-11-05 06:00:00,0.0,0.0
2017-11-05 07:00:00,0.0004416176780031363,1.053440452330996
2017-11-05 08:00:00,0.0004416176780031363,1.0537791353652166
2017-11-05 09:00:00,0.0004416176780031363,1.054116476596621
2017-11-05 10:00:00,0.0004416176780031363,1.0544546455314092
2017-11-05 11:00:00,0.0004416176780031363,1.0547922116607051
2017-11-05 12:00:00,0.0004416176780031363,1.0551273490906294
2017-11-05 13:00:00,0.0004416176780031363,1.0554583506417325
2017-11-05 14:00:00,0.0004416176780031363,1.0558534240192863
2017-11-05 15:00:00,0.0004416176780031363,1.0568433239604995
2017-11-05 16:00:00,0.0004416176780031363,1.0580836760635406
2017-11-05 17:00:00,0.0004416176780031363,1.0588081133925937
2017-11-05 18:00:00,0.0004416176780031363,1.0595817548848434
2017-11-05 19:00:00,0.0004416176780031363,1.0603595454464065
2017-11-05 20:00:00,0.0004416176780031363,1.0612563073223755
2017-11-05 21:00:00,0.0004416176780031363,1.062705848430099
2017-11-05 22:00:00,0.0004416176780031363,1.06450448283823
2017-11-05 23:00:00,0.0004416176780031363,1.0696535866778405
2017-11-06 00:00:00,0.0004416176780031363,1.0709650404801367
2017-11-06 01:00:00,0.0004416176780031363,1.0720542773583916
2017-11-06 02:00:00,0.0004425232052909175,1.072984044813642
2017-11-06 03:00:00,0.00044280482229884364,1.0799010076645665
2017-11-06 04:00:00,0.00044280482229884364,1.0838076419973797
2017-11-06 05:00:00,0.00044280482229884364,1.085005415851206
2017-11-06 06:00:00,0.00044280482229884364,1.0856158596278378
2017-11-06 07:00:00,0.00044280482229884364,1.0861036885463629
2017-11-06 08:00:00,0.00044280482229884364,1.0865910989965235
2017-11-06 09:00:00,0.00044280482229884364,1.08708230962748
2017-11-06 10:00:00,0.00044280482229884364,1.087658880879732
2017-11-06 11:00:00,0.00044280482229884364,1.0882765579925102
2017-11-06 12:00:00,0.00044280482229884364,1.0887623094085177
2017-11-06 13:00:00,0.00044280482229884364,1.0892431760555108
2017-11-06 14:00:00,0.00026580589471883367,0.6541426851152848
2017-11-06 15:00:00,0.00044280482229884364,1.0912184638003268
2017-11-06 16:00:00,0.00044280482229884364,1.0926583148427367
2017-11-06 17:00:00,0.00044280482229884364,1.093592107046912
2017-11-06 18:00:00,0.00044280482229884364,1.0944283080756845
2017-11-06 19:00:00,0.00044280482229884364,1.0951620664660329
2017-11-06 20:00:00,0.00044280482229884364,1.0958910574827472
2017-11-06 21:00:00,0.00044280482229884364,1.096521280732157
2017-11-06 22:00:00,0.00044280482229884364,1.0971698522859439
2017-11-06 23:00:00,0.00044280482229884364,1.0977920352708486
2017-11-07 00:00:00,0.00044280482229884364,1.098377990568996
2017-11-07 01:00:00,0.00044280482229884364,1.0993234474551634
2017-11-07 02:00:00,0.00044280482229884364,1.1003333553944317
2017-11-07 03:00:00,0.00044352337436005096,1.1012494980605527
2017-11-07 04:00:00,0.000443991966594551,1.102354105159814
2017-11-07 05:00:00,0.000443991966594551,1.1032699239993522
2017-11-07 06:00:00,0.000443991966594551,1.10376617636618
2017-11-07 07:00:00,0.000443991966594551,1.1041282530680345
2017-11-07 08:00:00,0.000443991966594551,1.1044755798317771
2017-11-07 09:00:00,0.000443991966594551,1.104817077717028
2017-11-07 10:00:00,0.000443991966594551,1.1051550379122776
2017-11-07 11:00:00,0.000443991966594551,1.1054924150877732
2017-11-07 12:00:00,0.000443991966594551,1.1058349477671352
2017-11-07 13:00:00,0.000443991966594551,1.106181086067533
2017-11-07 14:00:00,0.000443991966594551,1.1067944179024263
2017-11-07 15:00:00,0.000443991966594551,1.1077798818811213
2017-11-07 16:00:00,0.000443991966594551,1.1087107293079184
2017-11-07 17:00:00,0.000443991966594551,1.109623030572956
2017-11-07 18:00:00,0.000443991966594551,1.1105480794593932
2017-11-07 19:00:00,0.000443991966594551,1.1112926507557017
2017-11-07 20:00:00,0.000443991966594551,1.112516797020057
2017-11-07 21:00:00,0.000443991966594551,1.1139110181928875
2017-11-07 22:00:00,0.000443991966594551,1.1147674118866056
2017-11-07 23:00:00,0.000443991966594551,1.1182266088962682
2017-11-08 00:00:00,0.000443991966594551,1.123079176951541
2017-11-08 01:00:00,0.000443991966594551,1.124205159243371
2017-11-08 02:00:00,0.000443991966594551,1.125396570663297
2017-11-08 03:00:00,0.000443991966594551,1.1263519913174906
2017-11-08 04:00:00,0.000443991966594551,1.1276546048519314
2017-11-08 05:00:00,0.000443991966594551,1.1288389342966088
2017-11-08 06:00:00,0.000443991966594551,1.1292719586987225
2017-11-08 07:00:00,0.000443991966594551,1.1296272752733376
2017-11-08 08:00:00,0.000443991966594551,1.1299697947622074
2017-11-08 09:00:00,0.000443991966594551,1.1303211222022267
2017-11-08 10:00:00,0.000443991966594551,1.1306533293643144
2017-11-08 11:00:00,0.000443991966594551,1.1309937390339608
2017-11-08 12:00:00,0.000443991966594551,1.131335537332671
2017-11-08 13:00:00,0.000443991966594551,1.1316745514482454
2017-11-08 14:00:00,0.000443991966594551,1.1322990780538473
2017-11-08 15:00:00,0.000443991966594551,1.1333933411691455
2017-11-08 16:00:00,0.000443991966594551,1.1346271906893066
2017-11-08 17:00:00,0.000443991966594551,1.1354066234671454
2017-11-08 18:00:00,0.000443991966594551,1.1359715537802915
2017-11-08 19:00:00,0.000443991966594551,1.1363825652295396
2017-11-08 20:00:00,0.000443991966594551,1.1368190900585142
2017-11-08 21:00:00,0.000443991966594551,1.1373403215901352
2017-11-08 22:00:00,0.000443991966594551,1.1379771048010656
2017-11-08 23:00:00,0.000443991966594551,1.138546635957882
2017-11-09 00:00:00,0.000443991966594551,1.139086648112261
2017-11-09 01:00:00,0.000443991966594551,1.1396432136747945
2017-11-09 02:00:00,0.00044688662010225076,1.1405503149180545
2017-11-09 03:00:00,0.0004510343703665305,1.143187290182551
2017-11-09 04:00:00,0.00045230197666450253,1.1457196265916763
2017-11-09 05:00:00,0.00045230197666450253,1.1476110261038852
2017-11-09 06:00:00,0.00045276067602987164,1.1484257777435707
2017-11-09 07:00:00,0.00045348912096020985,1.1488273530444795
2017-11-09 08:00:00,0.00045348912096020985,1.1492086881946713
2017-11-09 09:00:00,0.00045348912096020985,1.1495819952815634
2017-11-09 10:00:00,0.0004538109689692683,1.1499639991897082
2017-11-09 11:00:00,0.0004546762652559172,1.15032520400003
2017-11-09 12:00:00,0.0004546762652559172,1.150695403736728
2017-11-09 13:00:00,0.0004546762652559172,1.151096065596054
2017-11-09 14:00:00,0.00045562301283174386,1.1519227193465906
2017-11-09 15:00:00,0.0004558634095516246,1.153608604065712
2017-11-09 16:00:00,0.0004558634095516246,1.1589927212555846
2017-11-09 17:00:00,0.0004558634095516246,1.1615003785836138
2017-11-09 18:00:00,0.0004558634095516246,1.1623547831511118
2017-11-09 19:00:00,0.0004558634095516246,1.163077007775103
2017-11-09 20:00:00,0.0004558634095516246,1.1638520517464328
2017-11-09 21:00:00,0.0004558634095516246,1.1644221543813227
2017-11-09 22:00:00,0.0004558634095516246,1.165033720009314
2017-11-09 23:00:00,0.0004558634095516246,1.1657572943504169
2017-11-10 00:00:00,0.0004558634095516246,1.1664717566995253
2017-11-10 01:00:00,0.0004558634095516246,1.167309582796934
2017-11-10 02:00:00,0.0004558634095516246,1.168348870578947
2017-11-10 03:00:00,0.00045682400714423447,1.1693959859287788
2017-11-10 04:00:00,0.0004617110844948964,1.1704541014895595
2017-11-10 05:00:00,0.00046357490103915693,1.1715223869198068
2017-11-10 06:00:00,0.0004644454735226757,1.17255527368573
2017-11-10 07:00:00,0.0004653605639172834,1.172968322736257
2017-11-10 08:00:00,0.0004664540557185516,1.1733642534958022
2017-11-10 09:00:00,0.00046727285552028533,1.1737593891984315
2017-11-10 10:00:00,0.0004681107815356721,1.1741495517557488
2017-11-10 11:00:00,0.0004689219968044055,1.1745664652907204
2017-11-10 12:00:00,0.00047009924823098197,1.1749563874513178
2017-11-10 13:00:00,0.00047096355523071776,1.1753462377237327
2017-11-10 14:00:00,0.0004712962853958202,1.1764057465302495
2017-11-10 15:00:00,0.0004712962853958202,1.1778149699093547
2017-11-10 16:00:00,0.0004712962853958202,1.1788289777833532
2017-11-10 17:00:00,0.0004712962853958202,1.1795822168818317
2017-11-10 18:00:00,0.0004712962853958202,1.1802494308879712
2017-11-10 19:00:00,0.0004712962853958202,1.1808647693264867
2017-11-10 20:00:00,0.0004712962853958202,1.1815216020855226
2017-11-10 21:00:00,0.0004712962853958202,1.1821403954437009
2017-11-10 22:00:00,0.0004712962853958202,1.1827760258056152
2017-11-10 23:00:00,0.0004712962853958202,1.1834003044299644
